clean_path,noisy_path,noise_path,snr_db
data\timit_mixed\SX30_clean.wav,data\timit_mixed\SX30_snr0.wav,data\noise\destroyerengine.wav,0.0
data\timit_mixed\SI1931_clean.wav,data\timit_mixed\SI1931_snr5.wav,data\noise\m109.wav,5.0
data\timit_mixed\SI816_clean.wav,data\timit_mixed\SI816_snr5.wav,data\noise\pink.wav,5.0
data\timit_mixed\SI1783_clean.wav,data\timit_mixed\SI1783_snr0.wav,data\noise\volvo.wav,0.0
data\timit_mixed\SI1509_clean.wav,data\timit_mixed\SI1509_snr0.wav,data\noise\demo_noise.wav,0.0
data\timit_mixed\SI719_clean.wav,data\timit_mixed\SI719_snr-5.wav,data\noise\destroyerengine.wav,-5.0
data\timit_mixed\SX55_clean.wav,data\timit_mixed\SX55_snr-5.wav,data\noise\machinegun.wav,-5.0
data\timit_mixed\SX322_clean.wav,data\timit_mixed\SX322_snr0.wav,data\noise\destroyerops.wav,0.0
data\timit_mixed\SI2041_clean.wav,data\timit_mixed\SI2041_snr5.wav,data\noise\leopard.wav,5.0
data\timit_mixed\SI1347_clean.wav,data\timit_mixed\SI1347_snr10.wav,data\noise\demo_noise.wav,10.0
data\timit_mixed\SX211_clean.wav,data\timit_mixed\SX211_snr-5.wav,data\noise\volvo.wav,-5.0
data\timit_mixed\SI1888_clean.wav,data\timit_mixed\SI1888_snr-5.wav,data\noise\white.wav,-5.0
data\timit_mixed\SI2192_clean.wav,data\timit_mixed\SI2192_snr-5.wav,data\noise\factory1.wav,-5.0
data\timit_mixed\SI2310_clean.wav,data\timit_mixed\SI2310_snr10.wav,data\noise\machinegun.wav,10.0
data\timit_mixed\SI2248_clean.wav,data\timit_mixed\SI2248_snr0.wav,data\noise\destroyerops.wav,0.0
data\timit_mixed\SI1866_clean.wav,data\timit_mixed\SI1866_snr-5.wav,data\noise\hfchannel.wav,-5.0
data\timit_mixed\SI1034_clean.wav,data\timit_mixed\SI1034_snr5.wav,data\noise\f16.wav,5.0
data\timit_mixed\SI636_clean.wav,data\timit_mixed\SI636_snr5.wav,data\noise\destroyerengine.wav,5.0
data\timit_mixed\SI1955_clean.wav,data\timit_mixed\SI1955_snr5.wav,data\noise\machinegun.wav,5.0
data\timit_mixed\SI1382_clean.wav,data\timit_mixed\SI1382_snr10.wav,data\noise\factory2.wav,10.0
data\timit_mixed\SI945_clean.wav,data\timit_mixed\SI945_snr0.wav,data\noise\buccaneer1.wav,0.0
data\timit_mixed\SI1211_clean.wav,data\timit_mixed\SI1211_snr10.wav,data\noise\hfchannel.wav,10.0
data\timit_mixed\demo_clean_clean.wav,data\timit_mixed\demo_clean_snr0.wav,data\noise\babble.wav,0.0
data\timit_mixed\SX33_clean.wav,data\timit_mixed\SX33_snr5.wav,data\noise\machinegun.wav,5.0
data\timit_mixed\SI1263_clean.wav,data\timit_mixed\SI1263_snr-5.wav,data\noise\destroyerops.wav,-5.0
data\timit_mixed\SI2217_clean.wav,data\timit_mixed\SI2217_snr-5.wav,data\noise\factory2.wav,-5.0
data\timit_mixed\SI1022_clean.wav,data\timit_mixed\SI1022_snr-5.wav,data\noise\white.wav,-5.0
data\timit_mixed\SI1271_clean.wav,data\timit_mixed\SI1271_snr-5.wav,data\noise\hfchannel.wav,-5.0
data\timit_mixed\SI1054_clean.wav,data\timit_mixed\SI1054_snr10.wav,data\noise\destroyerops.wav,10.0
data\timit_mixed\SX226_clean.wav,data\timit_mixed\SX226_snr10.wav,data\noise\leopard.wav,10.0
data\timit_mixed\SI1787_clean.wav,data\timit_mixed\SI1787_snr-5.wav,data\noise\buccaneer2.wav,-5.0
data\timit_mixed\SX18_clean.wav,data\timit_mixed\SX18_snr5.wav,data\noise\machinegun.wav,5.0
data\timit_mixed\SI1508_clean.wav,data\timit_mixed\SI1508_snr-5.wav,data\noise\buccaneer2.wav,-5.0
data\timit_mixed\SX357_clean.wav,data\timit_mixed\SX357_snr-5.wav,data\noise\hfchannel.wav,-5.0
data\timit_mixed\SI882_clean.wav,data\timit_mixed\SI882_snr-5.wav,data\noise\factory2.wav,-5.0
data\timit_mixed\SI1777_clean.wav,data\timit_mixed\SI1777_snr0.wav,data\noise\factory2.wav,0.0
data\timit_mixed\SI2040_clean.wav,data\timit_mixed\SI2040_snr5.wav,data\noise\hfchannel.wav,5.0
data\timit_mixed\SI2133_clean.wav,data\timit_mixed\SI2133_snr10.wav,data\noise\machinegun.wav,10.0
data\timit_mixed\SI2069_clean.wav,data\timit_mixed\SI2069_snr5.wav,data\noise\destroyerops.wav,5.0
data\timit_mixed\SI1635_clean.wav,data\timit_mixed\SI1635_snr-5.wav,data\noise\pink.wav,-5.0
data\timit_mixed\SI557_clean.wav,data\timit_mixed\SI557_snr-5.wav,data\noise\destroyerengine.wav,-5.0
data\timit_mixed\SI726_clean.wav,data\timit_mixed\SI726_snr5.wav,data\noise\hfchannel.wav,5.0
data\timit_mixed\SI1262_clean.wav,data\timit_mixed\SI1262_snr0.wav,data\noise\destroyerengine.wav,0.0
data\timit_mixed\SI1937_clean.wav,data\timit_mixed\SI1937_snr-5.wav,data\noise\white.wav,-5.0
data\timit_mixed\SI2137_clean.wav,data\timit_mixed\SI2137_snr5.wav,data\noise\babble.wav,5.0
data\timit_mixed\SI2197_clean.wav,data\timit_mixed\SI2197_snr0.wav,data\noise\leopard.wav,0.0
data\timit_mixed\SI2202_clean.wav,data\timit_mixed\SI2202_snr10.wav,data\noise\white.wav,10.0
data\timit_mixed\SI2333_clean.wav,data\timit_mixed\SI2333_snr5.wav,data\noise\buccaneer2.wav,5.0
data\timit_mixed\SI1025_clean.wav,data\timit_mixed\SI1025_snr10.wav,data\noise\buccaneer1.wav,10.0
data\timit_mixed\SX248_clean.wav,data\timit_mixed\SX248_snr0.wav,data\noise\machinegun.wav,0.0
data\timit_mixed\SX108_clean.wav,data\timit_mixed\SX108_snr10.wav,data\noise\babble.wav,10.0
data\timit_mixed\SI1944_clean.wav,data\timit_mixed\SI1944_snr10.wav,data\noise\buccaneer2.wav,10.0
data\timit_mixed\SI783_clean.wav,data\timit_mixed\SI783_snr5.wav,data\noise\machinegun.wav,5.0
data\timit_mixed\SI1332_clean.wav,data\timit_mixed\SI1332_snr-5.wav,data\noise\destroyerengine.wav,-5.0
data\timit_mixed\SI1974_clean.wav,data\timit_mixed\SI1974_snr0.wav,data\noise\pink.wav,0.0
data\timit_mixed\SI2321_clean.wav,data\timit_mixed\SI2321_snr-5.wav,data\noise\f16.wav,-5.0
data\timit_mixed\SX61_clean.wav,data\timit_mixed\SX61_snr5.wav,data\noise\demo_noise.wav,5.0
data\timit_mixed\SI1351_clean.wav,data\timit_mixed\SI1351_snr10.wav,data\noise\factory1.wav,10.0
data\timit_mixed\SI2004_clean.wav,data\timit_mixed\SI2004_snr-5.wav,data\noise\buccaneer1.wav,-5.0
data\timit_mixed\SI1530_clean.wav,data\timit_mixed\SI1530_snr-5.wav,data\noise\factory1.wav,-5.0
data\timit_mixed\SI1752_clean.wav,data\timit_mixed\SI1752_snr-5.wav,data\noise\destroyerengine.wav,-5.0
data\timit_mixed\SI1703_clean.wav,data\timit_mixed\SI1703_snr-5.wav,data\noise\demo_noise.wav,-5.0
data\timit_mixed\SX183_clean.wav,data\timit_mixed\SX183_snr-5.wav,data\noise\babble.wav,-5.0
data\timit_mixed\SI660_clean.wav,data\timit_mixed\SI660_snr5.wav,data\noise\buccaneer2.wav,5.0
data\timit_mixed\SI1950_clean.wav,data\timit_mixed\SI1950_snr-5.wav,data\noise\factory1.wav,-5.0
data\timit_mixed\SI1396_clean.wav,data\timit_mixed\SI1396_snr10.wav,data\noise\buccaneer2.wav,10.0
data\timit_mixed\SI667_clean.wav,data\timit_mixed\SI667_snr0.wav,data\noise\factory1.wav,0.0
data\timit_mixed\SX56_clean.wav,data\timit_mixed\SX56_snr10.wav,data\noise\pink.wav,10.0
data\timit_mixed\SI1167_clean.wav,data\timit_mixed\SI1167_snr5.wav,data\noise\pink.wav,5.0
data\timit_mixed\SI1556_clean.wav,data\timit_mixed\SI1556_snr10.wav,data\noise\destroyerengine.wav,10.0
data\timit_mixed\SI1657_clean.wav,data\timit_mixed\SI1657_snr10.wav,data\noise\m109.wav,10.0
data\timit_mixed\SI699_clean.wav,data\timit_mixed\SI699_snr0.wav,data\noise\babble.wav,0.0
data\timit_mixed\SI2022_clean.wav,data\timit_mixed\SI2022_snr10.wav,data\noise\volvo.wav,10.0
data\timit_mixed\SX121_clean.wav,data\timit_mixed\SX121_snr5.wav,data\noise\factory1.wav,5.0
data\timit_mixed\SI1032_clean.wav,data\timit_mixed\SI1032_snr-5.wav,data\noise\destroyerops.wav,-5.0
data\timit_mixed\SI1659_clean.wav,data\timit_mixed\SI1659_snr0.wav,data\noise\pink.wav,0.0
data\timit_mixed\SI2077_clean.wav,data\timit_mixed\SI2077_snr-5.wav,data\noise\machinegun.wav,-5.0
data\timit_mixed\SX346_clean.wav,data\timit_mixed\SX346_snr0.wav,data\noise\pink.wav,0.0
data\timit_mixed\SI1959_clean.wav,data\timit_mixed\SI1959_snr10.wav,data\noise\babble.wav,10.0
data\timit_mixed\SX239_clean.wav,data\timit_mixed\SX239_snr5.wav,data\noise\buccaneer2.wav,5.0
data\timit_mixed\SI2053_clean.wav,data\timit_mixed\SI2053_snr0.wav,data\noise\f16.wav,0.0
data\timit_mixed\SI1708_clean.wav,data\timit_mixed\SI1708_snr10.wav,data\noise\factory2.wav,10.0
data\timit_mixed\SI996_clean.wav,data\timit_mixed\SI996_snr0.wav,data\noise\m109.wav,0.0
data\timit_mixed\SI1533_clean.wav,data\timit_mixed\SI1533_snr5.wav,data\noise\leopard.wav,5.0
data\timit_mixed\SI592_clean.wav,data\timit_mixed\SI592_snr-5.wav,data\noise\pink.wav,-5.0
data\timit_mixed\SX3_clean.wav,data\timit_mixed\SX3_snr-5.wav,data\noise\demo_noise.wav,-5.0
data\timit_mixed\SX17_clean.wav,data\timit_mixed\SX17_snr5.wav,data\noise\buccaneer1.wav,5.0
data\timit_mixed\SX341_clean.wav,data\timit_mixed\SX341_snr-5.wav,data\noise\factory2.wav,-5.0
data\timit_mixed\SX343_clean.wav,data\timit_mixed\SX343_snr5.wav,data\noise\leopard.wav,5.0
data\timit_mixed\SI974_clean.wav,data\timit_mixed\SI974_snr5.wav,data\noise\factory2.wav,5.0
data\timit_mixed\SX3_clean.wav,data\timit_mixed\SX3_snr0.wav,data\noise\demo_noise.wav,0.0
data\timit_mixed\SX395_clean.wav,data\timit_mixed\SX395_snr0.wav,data\noise\buccaneer2.wav,0.0
data\timit_mixed\SX446_clean.wav,data\timit_mixed\SX446_snr10.wav,data\noise\babble.wav,10.0
data\timit_mixed\SX399_clean.wav,data\timit_mixed\SX399_snr0.wav,data\noise\destroyerops.wav,0.0
data\timit_mixed\SI1143_clean.wav,data\timit_mixed\SI1143_snr-5.wav,data\noise\factory1.wav,-5.0
data\timit_mixed\SI588_clean.wav,data\timit_mixed\SI588_snr0.wav,data\noise\leopard.wav,0.0
data\timit_mixed\SI726_clean.wav,data\timit_mixed\SI726_snr-5.wav,data\noise\hfchannel.wav,-5.0
data\timit_mixed\SI2096_clean.wav,data\timit_mixed\SI2096_snr-5.wav,data\noise\destroyerengine.wav,-5.0
data\timit_mixed\SX195_clean.wav,data\timit_mixed\SX195_snr0.wav,data\noise\demo_noise.wav,0.0
data\timit_mixed\SX80_clean.wav,data\timit_mixed\SX80_snr0.wav,data\noise\factory1.wav,0.0
data\timit_mixed\SI1408_clean.wav,data\timit_mixed\SI1408_snr-5.wav,data\noise\hfchannel.wav,-5.0
data\timit_mixed\SI744_clean.wav,data\timit_mixed\SI744_snr0.wav,data\noise\buccaneer1.wav,0.0
data\timit_mixed\SI1917_clean.wav,data\timit_mixed\SI1917_snr5.wav,data\noise\buccaneer1.wav,5.0
data\timit_mixed\SX390_clean.wav,data\timit_mixed\SX390_snr0.wav,data\noise\volvo.wav,0.0
data\timit_mixed\SI708_clean.wav,data\timit_mixed\SI708_snr10.wav,data\noise\hfchannel.wav,10.0
data\timit_mixed\SX78_clean.wav,data\timit_mixed\SX78_snr5.wav,data\noise\destroyerops.wav,5.0
data\timit_mixed\SI1215_clean.wav,data\timit_mixed\SI1215_snr0.wav,data\noise\m109.wav,0.0
data\timit_mixed\SI1563_clean.wav,data\timit_mixed\SI1563_snr10.wav,data\noise\leopard.wav,10.0
data\timit_mixed\SI667_clean.wav,data\timit_mixed\SI667_snr10.wav,data\noise\factory1.wav,10.0
data\timit_mixed\SI1706_clean.wav,data\timit_mixed\SI1706_snr-5.wav,data\noise\f16.wav,-5.0
data\timit_mixed\SI951_clean.wav,data\timit_mixed\SI951_snr10.wav,data\noise\demo_noise.wav,10.0
data\timit_mixed\SI570_clean.wav,data\timit_mixed\SI570_snr0.wav,data\noise\machinegun.wav,0.0
data\timit_mixed\SX42_clean.wav,data\timit_mixed\SX42_snr5.wav,data\noise\destroyerops.wav,5.0
data\timit_mixed\SI1607_clean.wav,data\timit_mixed\SI1607_snr10.wav,data\noise\m109.wav,10.0
data\timit_mixed\SI2327_clean.wav,data\timit_mixed\SI2327_snr0.wav,data\noise\machinegun.wav,0.0
data\timit_mixed\SI1284_clean.wav,data\timit_mixed\SI1284_snr5.wav,data\noise\buccaneer1.wav,5.0
data\timit_mixed\SI710_clean.wav,data\timit_mixed\SI710_snr5.wav,data\noise\m109.wav,5.0
data\timit_mixed\SI805_clean.wav,data\timit_mixed\SI805_snr5.wav,data\noise\buccaneer2.wav,5.0
data\timit_mixed\SI2167_clean.wav,data\timit_mixed\SI2167_snr5.wav,data\noise\m109.wav,5.0
data\timit_mixed\SI514_clean.wav,data\timit_mixed\SI514_snr0.wav,data\noise\destroyerengine.wav,0.0
data\timit_mixed\SI1466_clean.wav,data\timit_mixed\SI1466_snr10.wav,data\noise\destroyerops.wav,10.0
data\timit_mixed\SI1969_clean.wav,data\timit_mixed\SI1969_snr-5.wav,data\noise\hfchannel.wav,-5.0
data\timit_mixed\SI1599_clean.wav,data\timit_mixed\SI1599_snr10.wav,data\noise\demo_noise.wav,10.0
data\timit_mixed\SI1069_clean.wav,data\timit_mixed\SI1069_snr-5.wav,data\noise\destroyerengine.wav,-5.0
data\timit_mixed\SI1405_clean.wav,data\timit_mixed\SI1405_snr5.wav,data\noise\f16.wav,5.0
data\timit_mixed\SI1691_clean.wav,data\timit_mixed\SI1691_snr-5.wav,data\noise\factory1.wav,-5.0
data\timit_mixed\SX256_clean.wav,data\timit_mixed\SX256_snr5.wav,data\noise\destroyerengine.wav,5.0
data\timit_mixed\SI1686_clean.wav,data\timit_mixed\SI1686_snr5.wav,data\noise\buccaneer2.wav,5.0
data\timit_mixed\SX63_clean.wav,data\timit_mixed\SX63_snr0.wav,data\noise\destroyerops.wav,0.0
data\timit_mixed\SX426_clean.wav,data\timit_mixed\SX426_snr-5.wav,data\noise\machinegun.wav,-5.0
data\timit_mixed\SI2186_clean.wav,data\timit_mixed\SI2186_snr10.wav,data\noise\demo_noise.wav,10.0
data\timit_mixed\SI987_clean.wav,data\timit_mixed\SI987_snr10.wav,data\noise\destroyerops.wav,10.0
data\timit_mixed\SI1073_clean.wav,data\timit_mixed\SI1073_snr-5.wav,data\noise\factory2.wav,-5.0
data\timit_mixed\SI1291_clean.wav,data\timit_mixed\SI1291_snr10.wav,data\noise\destroyerops.wav,10.0
data\timit_mixed\SI1161_clean.wav,data\timit_mixed\SI1161_snr0.wav,data\noise\factory1.wav,0.0
data\timit_mixed\SI1134_clean.wav,data\timit_mixed\SI1134_snr10.wav,data\noise\volvo.wav,10.0
data\timit_mixed\SI1685_clean.wav,data\timit_mixed\SI1685_snr10.wav,data\noise\buccaneer1.wav,10.0
data\timit_mixed\SX434_clean.wav,data\timit_mixed\SX434_snr-5.wav,data\noise\destroyerengine.wav,-5.0
data\timit_mixed\SI2085_clean.wav,data\timit_mixed\SI2085_snr-5.wav,data\noise\pink.wav,-5.0
data\timit_mixed\SX325_clean.wav,data\timit_mixed\SX325_snr-5.wav,data\noise\factory1.wav,-5.0
data\timit_mixed\SI2304_clean.wav,data\timit_mixed\SI2304_snr0.wav,data\noise\f16.wav,0.0
data\timit_mixed\SI2309_clean.wav,data\timit_mixed\SI2309_snr10.wav,data\noise\m109.wav,10.0
data\timit_mixed\SX108_clean.wav,data\timit_mixed\SX108_snr0.wav,data\noise\babble.wav,0.0
data\timit_mixed\SI1816_clean.wav,data\timit_mixed\SI1816_snr5.wav,data\noise\factory1.wav,5.0
data\timit_mixed\SI1788_clean.wav,data\timit_mixed\SI1788_snr10.wav,data\noise\demo_noise.wav,10.0
data\timit_mixed\SX77_clean.wav,data\timit_mixed\SX77_snr10.wav,data\noise\destroyerengine.wav,10.0
data\timit_mixed\SX250_clean.wav,data\timit_mixed\SX250_snr10.wav,data\noise\volvo.wav,10.0
data\timit_mixed\SI658_clean.wav,data\timit_mixed\SI658_snr5.wav,data\noise\buccaneer1.wav,5.0
data\timit_mixed\SI2102_clean.wav,data\timit_mixed\SI2102_snr0.wav,data\noise\factory2.wav,0.0
data\timit_mixed\SI1332_clean.wav,data\timit_mixed\SI1332_snr5.wav,data\noise\destroyerengine.wav,5.0
data\timit_mixed\SI1291_clean.wav,data\timit_mixed\SI1291_snr-5.wav,data\noise\destroyerops.wav,-5.0
data\timit_mixed\SI1407_clean.wav,data\timit_mixed\SI1407_snr5.wav,data\noise\factory2.wav,5.0
data\timit_mixed\SX39_clean.wav,data\timit_mixed\SX39_snr0.wav,data\noise\pink.wav,0.0
data\timit_mixed\SX220_clean.wav,data\timit_mixed\SX220_snr5.wav,data\noise\f16.wav,5.0
data\timit_mixed\SI699_clean.wav,data\timit_mixed\SI699_snr10.wav,data\noise\babble.wav,10.0
data\timit_mixed\SX150_clean.wav,data\timit_mixed\SX150_snr10.wav,data\noise\machinegun.wav,10.0
data\timit_mixed\SI1060_clean.wav,data\timit_mixed\SI1060_snr0.wav,data\noise\m109.wav,0.0
data\timit_mixed\SI747_clean.wav,data\timit_mixed\SI747_snr10.wav,data\noise\demo_noise.wav,10.0
data\timit_mixed\SI899_clean.wav,data\timit_mixed\SI899_snr0.wav,data\noise\factory1.wav,0.0
data\timit_mixed\SX354_clean.wav,data\timit_mixed\SX354_snr5.wav,data\noise\f16.wav,5.0
data\timit_mixed\SI883_clean.wav,data\timit_mixed\SI883_snr5.wav,data\noise\hfchannel.wav,5.0
data\timit_mixed\SI1215_clean.wav,data\timit_mixed\SI1215_snr10.wav,data\noise\m109.wav,10.0
data\timit_mixed\SI1598_clean.wav,data\timit_mixed\SI1598_snr-5.wav,data\noise\buccaneer2.wav,-5.0
data\timit_mixed\SX328_clean.wav,data\timit_mixed\SX328_snr5.wav,data\noise\leopard.wav,5.0
data\timit_mixed\SI571_clean.wav,data\timit_mixed\SI571_snr-5.wav,data\noise\pink.wav,-5.0
data\timit_mixed\SX329_clean.wav,data\timit_mixed\SX329_snr0.wav,data\noise\m109.wav,0.0
data\timit_mixed\SI1138_clean.wav,data\timit_mixed\SI1138_snr0.wav,data\noise\buccaneer2.wav,0.0
data\timit_mixed\SI1367_clean.wav,data\timit_mixed\SI1367_snr-5.wav,data\noise\white.wav,-5.0
data\timit_mixed\SI1122_clean.wav,data\timit_mixed\SI1122_snr5.wav,data\noise\factory2.wav,5.0
data\timit_mixed\SI918_clean.wav,data\timit_mixed\SI918_snr-5.wav,data\noise\buccaneer2.wav,-5.0
data\timit_mixed\SI1947_clean.wav,data\timit_mixed\SI1947_snr-5.wav,data\noise\destroyerengine.wav,-5.0
data\timit_mixed\SI886_clean.wav,data\timit_mixed\SI886_snr0.wav,data\noise\machinegun.wav,0.0
data\timit_mixed\SI465_clean.wav,data\timit_mixed\SI465_snr-5.wav,data\noise\buccaneer1.wav,-5.0
data\timit_mixed\SX148_clean.wav,data\timit_mixed\SX148_snr5.wav,data\noise\hfchannel.wav,5.0
data\timit_mixed\SI1611_clean.wav,data\timit_mixed\SI1611_snr10.wav,data\noise\volvo.wav,10.0
data\timit_mixed\SX186_clean.wav,data\timit_mixed\SX186_snr5.wav,data\noise\buccaneer1.wav,5.0
data\timit_mixed\SI2052_clean.wav,data\timit_mixed\SI2052_snr10.wav,data\noise\destroyerops.wav,10.0
data\timit_mixed\SI2061_clean.wav,data\timit_mixed\SI2061_snr5.wav,data\noise\volvo.wav,5.0
data\timit_mixed\SI1679_clean.wav,data\timit_mixed\SI1679_snr0.wav,data\noise\m109.wav,0.0
data\timit_mixed\SX96_clean.wav,data\timit_mixed\SX96_snr0.wav,data\noise\destroyerops.wav,0.0
data\timit_mixed\SI488_clean.wav,data\timit_mixed\SI488_snr0.wav,data\noise\buccaneer1.wav,0.0
data\timit_mixed\SX240_clean.wav,data\timit_mixed\SX240_snr5.wav,data\noise\destroyerengine.wav,5.0
data\timit_mixed\SI1340_clean.wav,data\timit_mixed\SI1340_snr10.wav,data\noise\machinegun.wav,10.0
data\timit_mixed\SX257_clean.wav,data\timit_mixed\SX257_snr10.wav,data\noise\destroyerops.wav,10.0
data\timit_mixed\SI1959_clean.wav,data\timit_mixed\SI1959_snr5.wav,data\noise\babble.wav,5.0
data\timit_mixed\SI703_clean.wav,data\timit_mixed\SI703_snr0.wav,data\noise\destroyerengine.wav,0.0
data\timit_mixed\SX78_clean.wav,data\timit_mixed\SX78_snr0.wav,data\noise\destroyerops.wav,0.0
data\timit_mixed\SX112_clean.wav,data\timit_mixed\SX112_snr0.wav,data\noise\buccaneer2.wav,0.0
data\timit_mixed\SI1931_clean.wav,data\timit_mixed\SI1931_snr10.wav,data\noise\m109.wav,10.0
data\timit_mixed\SI1870_clean.wav,data\timit_mixed\SI1870_snr10.wav,data\noise\pink.wav,10.0
data\timit_mixed\SX342_clean.wav,data\timit_mixed\SX342_snr5.wav,data\noise\hfchannel.wav,5.0
data\timit_mixed\SI1569_clean.wav,data\timit_mixed\SI1569_snr5.wav,data\noise\volvo.wav,5.0
data\timit_mixed\SI526_clean.wav,data\timit_mixed\SI526_snr-5.wav,data\noise\volvo.wav,-5.0
data\timit_mixed\SI988_clean.wav,data\timit_mixed\SI988_snr0.wav,data\noise\f16.wav,0.0
data\timit_mixed\SI831_clean.wav,data\timit_mixed\SI831_snr-5.wav,data\noise\demo_noise.wav,-5.0
data\timit_mixed\SI714_clean.wav,data\timit_mixed\SI714_snr-5.wav,data\noise\white.wav,-5.0
data\timit_mixed\SI845_clean.wav,data\timit_mixed\SI845_snr10.wav,data\noise\machinegun.wav,10.0
data\timit_mixed\SX390_clean.wav,data\timit_mixed\SX390_snr10.wav,data\noise\volvo.wav,10.0
data\timit_mixed\SI1426_clean.wav,data\timit_mixed\SI1426_snr10.wav,data\noise\hfchannel.wav,10.0
data\timit_mixed\SI1172_clean.wav,data\timit_mixed\SI1172_snr10.wav,data\noise\buccaneer2.wav,10.0
data\timit_mixed\SX429_clean.wav,data\timit_mixed\SX429_snr10.wav,data\noise\white.wav,10.0
data\timit_mixed\SX307_clean.wav,data\timit_mixed\SX307_snr5.wav,data\noise\leopard.wav,5.0
data\timit_mixed\SI1591_clean.wav,data\timit_mixed\SI1591_snr-5.wav,data\noise\m109.wav,-5.0
data\timit_mixed\SI867_clean.wav,data\timit_mixed\SI867_snr5.wav,data\noise\leopard.wav,5.0
data\timit_mixed\SI917_clean.wav,data\timit_mixed\SI917_snr-5.wav,data\noise\buccaneer1.wav,-5.0
data\timit_mixed\SI1870_clean.wav,data\timit_mixed\SI1870_snr0.wav,data\noise\pink.wav,0.0
data\timit_mixed\SI991_clean.wav,data\timit_mixed\SI991_snr5.wav,data\noise\hfchannel.wav,5.0
data\timit_mixed\SX382_clean.wav,data\timit_mixed\SX382_snr-5.wav,data\noise\hfchannel.wav,-5.0
data\timit_mixed\SI513_clean.wav,data\timit_mixed\SI513_snr0.wav,data\noise\demo_noise.wav,0.0
data\timit_mixed\SI1458_clean.wav,data\timit_mixed\SI1458_snr-5.wav,data\noise\babble.wav,-5.0
data\timit_mixed\SX378_clean.wav,data\timit_mixed\SX378_snr5.wav,data\noise\f16.wav,5.0
data\timit_mixed\SI1499_clean.wav,data\timit_mixed\SI1499_snr-5.wav,data\noise\leopard.wav,-5.0
data\timit_mixed\SI2206_clean.wav,data\timit_mixed\SI2206_snr5.wav,data\noise\buccaneer1.wav,5.0
data\timit_mixed\SI1854_clean.wav,data\timit_mixed\SI1854_snr-5.wav,data\noise\pink.wav,-5.0
data\timit_mixed\SI542_clean.wav,data\timit_mixed\SI542_snr0.wav,data\noise\pink.wav,0.0
data\timit_mixed\SI1205_clean.wav,data\timit_mixed\SI1205_snr10.wav,data\noise\demo_noise.wav,10.0
data\timit_mixed\SI1274_clean.wav,data\timit_mixed\SI1274_snr5.wav,data\noise\leopard.wav,5.0
data\timit_mixed\SI2328_clean.wav,data\timit_mixed\SI2328_snr5.wav,data\noise\pink.wav,5.0
data\timit_mixed\SI1074_clean.wav,data\timit_mixed\SI1074_snr10.wav,data\noise\hfchannel.wav,10.0
data\timit_mixed\SI1070_clean.wav,data\timit_mixed\SI1070_snr5.wav,data\noise\destroyerops.wav,5.0
data\timit_mixed\SI2004_clean.wav,data\timit_mixed\SI2004_snr0.wav,data\noise\buccaneer1.wav,0.0
data\timit_mixed\SI1167_clean.wav,data\timit_mixed\SI1167_snr-5.wav,data\noise\pink.wav,-5.0
data\timit_mixed\SI1113_clean.wav,data\timit_mixed\SI1113_snr10.wav,data\noise\buccaneer1.wav,10.0
data\timit_mixed\SI2015_clean.wav,data\timit_mixed\SI2015_snr0.wav,data\noise\factory2.wav,0.0
data\timit_mixed\SI2235_clean.wav,data\timit_mixed\SI2235_snr-5.wav,data\noise\hfchannel.wav,-5.0
data\timit_mixed\SI1532_clean.wav,data\timit_mixed\SI1532_snr0.wav,data\noise\hfchannel.wav,0.0
data\timit_mixed\SI976_clean.wav,data\timit_mixed\SI976_snr5.wav,data\noise\leopard.wav,5.0
data\timit_mixed\SI628_clean.wav,data\timit_mixed\SI628_snr5.wav,data\noise\volvo.wav,5.0
data\timit_mixed\SX65_clean.wav,data\timit_mixed\SX65_snr-5.wav,data\noise\factory1.wav,-5.0
data\timit_mixed\SI463_clean.wav,data\timit_mixed\SI463_snr10.wav,data\noise\babble.wav,10.0
data\timit_mixed\SI1486_clean.wav,data\timit_mixed\SI1486_snr5.wav,data\noise\demo_noise.wav,5.0
data\timit_mixed\SI1014_clean.wav,data\timit_mixed\SI1014_snr0.wav,data\noise\hfchannel.wav,0.0
data\timit_mixed\SI1783_clean.wav,data\timit_mixed\SI1783_snr-5.wav,data\noise\volvo.wav,-5.0
data\timit_mixed\SI1411_clean.wav,data\timit_mixed\SI1411_snr0.wav,data\noise\machinegun.wav,0.0
data\timit_mixed\SI1372_clean.wav,data\timit_mixed\SI1372_snr-5.wav,data\noise\buccaneer2.wav,-5.0
data\timit_mixed\SX67_clean.wav,data\timit_mixed\SX67_snr-5.wav,data\noise\hfchannel.wav,-5.0
data\timit_mixed\SI1293_clean.wav,data\timit_mixed\SI1293_snr5.wav,data\noise\factory1.wav,5.0
data\timit_mixed\SX235_clean.wav,data\timit_mixed\SX235_snr-5.wav,data\noise\volvo.wav,-5.0
data\timit_mixed\SI1470_clean.wav,data\timit_mixed\SI1470_snr10.wav,data\noise\factory2.wav,10.0
data\timit_mixed\SI1740_clean.wav,data\timit_mixed\SI1740_snr10.wav,data\noise\m109.wav,10.0
data\timit_mixed\SI1726_clean.wav,data\timit_mixed\SI1726_snr5.wav,data\noise\buccaneer2.wav,5.0
data\timit_mixed\SI701_clean.wav,data\timit_mixed\SI701_snr5.wav,data\noise\buccaneer2.wav,5.0
data\timit_mixed\SI1138_clean.wav,data\timit_mixed\SI1138_snr10.wav,data\noise\buccaneer2.wav,10.0
data\timit_mixed\SI1840_clean.wav,data\timit_mixed\SI1840_snr10.wav,data\noise\f16.wav,10.0
data\timit_mixed\SI598_clean.wav,data\timit_mixed\SI598_snr-5.wav,data\noise\buccaneer1.wav,-5.0
data\timit_mixed\SI1786_clean.wav,data\timit_mixed\SI1786_snr5.wav,data\noise\buccaneer1.wav,5.0
data\timit_mixed\SI1271_clean.wav,data\timit_mixed\SI1271_snr0.wav,data\noise\hfchannel.wav,0.0
data\timit_mixed\SI1856_clean.wav,data\timit_mixed\SI1856_snr-5.wav,data\noise\white.wav,-5.0
data\timit_mixed\SI1442_clean.wav,data\timit_mixed\SI1442_snr-5.wav,data\noise\hfchannel.wav,-5.0
data\timit_mixed\SI884_clean.wav,data\timit_mixed\SI884_snr-5.wav,data\noise\leopard.wav,-5.0
data\timit_mixed\SI888_clean.wav,data\timit_mixed\SI888_snr0.wav,data\noise\volvo.wav,0.0
data\timit_mixed\SX265_clean.wav,data\timit_mixed\SX265_snr0.wav,data\noise\volvo.wav,0.0
data\timit_mixed\SI899_clean.wav,data\timit_mixed\SI899_snr-5.wav,data\noise\factory1.wav,-5.0
data\timit_mixed\SI1800_clean.wav,data\timit_mixed\SI1800_snr5.wav,data\noise\volvo.wav,5.0
data\timit_mixed\SI691_clean.wav,data\timit_mixed\SI691_snr10.wav,data\noise\factory2.wav,10.0
data\timit_mixed\SI1598_clean.wav,data\timit_mixed\SI1598_snr5.wav,data\noise\buccaneer2.wav,5.0
data\timit_mixed\SI525_clean.wav,data\timit_mixed\SI525_snr5.wav,data\noise\pink.wav,5.0
data\timit_mixed\SI1380_clean.wav,data\timit_mixed\SI1380_snr10.wav,data\noise\f16.wav,10.0
data\timit_mixed\SI2126_clean.wav,data\timit_mixed\SI2126_snr10.wav,data\noise\f16.wav,10.0
data\timit_mixed\SI1047_clean.wav,data\timit_mixed\SI1047_snr10.wav,data\noise\volvo.wav,10.0
data\timit_mixed\SI1755_clean.wav,data\timit_mixed\SI1755_snr-5.wav,data\noise\destroyerops.wav,-5.0
data\timit_mixed\SI1838_clean.wav,data\timit_mixed\SI1838_snr-5.wav,data\noise\destroyerengine.wav,-5.0
data\timit_mixed\SI555_clean.wav,data\timit_mixed\SI555_snr0.wav,data\noise\buccaneer2.wav,0.0
data\timit_mixed\SI784_clean.wav,data\timit_mixed\SI784_snr0.wav,data\noise\pink.wav,0.0
data\timit_mixed\SI747_clean.wav,data\timit_mixed\SI747_snr-5.wav,data\noise\demo_noise.wav,-5.0
data\timit_mixed\SI2302_clean.wav,data\timit_mixed\SI2302_snr-5.wav,data\noise\destroyerops.wav,-5.0
data\timit_mixed\SI1997_clean.wav,data\timit_mixed\SI1997_snr-5.wav,data\noise\machinegun.wav,-5.0
data\timit_mixed\SI1417_clean.wav,data\timit_mixed\SI1417_snr5.wav,data\noise\buccaneer2.wav,5.0
data\timit_mixed\SI1980_clean.wav,data\timit_mixed\SI1980_snr0.wav,data\noise\demo_noise.wav,0.0
data\timit_mixed\SI1052_clean.wav,data\timit_mixed\SI1052_snr10.wav,data\noise\demo_noise.wav,10.0
data\timit_mixed\SI614_clean.wav,data\timit_mixed\SI614_snr10.wav,data\noise\babble.wav,10.0
data\timit_mixed\SI524_clean.wav,data\timit_mixed\SI524_snr5.wav,data\noise\machinegun.wav,5.0
data\timit_mixed\SI523_clean.wav,data\timit_mixed\SI523_snr10.wav,data\noise\m109.wav,10.0
data\timit_mixed\SI2017_clean.wav,data\timit_mixed\SI2017_snr5.wav,data\noise\hfchannel.wav,5.0
data\timit_mixed\SI2077_clean.wav,data\timit_mixed\SI2077_snr5.wav,data\noise\machinegun.wav,5.0
data\timit_mixed\SI1554_clean.wav,data\timit_mixed\SI1554_snr-5.wav,data\noise\demo_noise.wav,-5.0
data\timit_mixed\SI698_clean.wav,data\timit_mixed\SI698_snr10.wav,data\noise\white.wav,10.0
data\timit_mixed\SI715_clean.wav,data\timit_mixed\SI715_snr10.wav,data\noise\babble.wav,10.0
data\timit_mixed\SI895_clean.wav,data\timit_mixed\SI895_snr-5.wav,data\noise\demo_noise.wav,-5.0
data\timit_mixed\SI2302_clean.wav,data\timit_mixed\SI2302_snr5.wav,data\noise\destroyerops.wav,5.0
data\timit_mixed\SI1411_clean.wav,data\timit_mixed\SI1411_snr5.wav,data\noise\machinegun.wav,5.0
data\timit_mixed\SI2227_clean.wav,data\timit_mixed\SI2227_snr10.wav,data\noise\buccaneer1.wav,10.0
data\timit_mixed\SI1966_clean.wav,data\timit_mixed\SI1966_snr10.wav,data\noise\f16.wav,10.0
data\timit_mixed\SI1251_clean.wav,data\timit_mixed\SI1251_snr10.wav,data\noise\hfchannel.wav,10.0
data\timit_mixed\SI1079_clean.wav,data\timit_mixed\SI1079_snr5.wav,data\noise\volvo.wav,5.0
data\timit_mixed\SI892_clean.wav,data\timit_mixed\SI892_snr5.wav,data\noise\buccaneer1.wav,5.0
data\timit_mixed\SI1119_clean.wav,data\timit_mixed\SI1119_snr0.wav,data\noise\destroyerops.wav,0.0
data\timit_mixed\SX305_clean.wav,data\timit_mixed\SX305_snr-5.wav,data\noise\hfchannel.wav,-5.0
data\timit_mixed\SI1592_clean.wav,data\timit_mixed\SI1592_snr-5.wav,data\noise\machinegun.wav,-5.0
data\timit_mixed\SX427_clean.wav,data\timit_mixed\SX427_snr-5.wav,data\noise\pink.wav,-5.0
data\timit_mixed\SI788_clean.wav,data\timit_mixed\SI788_snr10.wav,data\noise\buccaneer1.wav,10.0
data\timit_mixed\SI468_clean.wav,data\timit_mixed\SI468_snr10.wav,data\noise\destroyerengine.wav,10.0
data\timit_mixed\SX135_clean.wav,data\timit_mixed\SX135_snr10.wav,data\noise\buccaneer1.wav,10.0
data\timit_mixed\SI632_clean.wav,data\timit_mixed\SI632_snr0.wav,data\noise\buccaneer2.wav,0.0
data\timit_mixed\SI2276_clean.wav,data\timit_mixed\SI2276_snr-5.wav,data\noise\destroyerops.wav,-5.0
data\timit_mixed\SI1501_clean.wav,data\timit_mixed\SI1501_snr-5.wav,data\noise\machinegun.wav,-5.0
data\timit_mixed\SX316_clean.wav,data\timit_mixed\SX316_snr5.wav,data\noise\buccaneer2.wav,5.0
data\timit_mixed\SI1482_clean.wav,data\timit_mixed\SI1482_snr10.wav,data\noise\buccaneer1.wav,10.0
data\timit_mixed\SI1421_clean.wav,data\timit_mixed\SI1421_snr10.wav,data\noise\f16.wav,10.0
data\timit_mixed\SI1859_clean.wav,data\timit_mixed\SI1859_snr0.wav,data\noise\buccaneer2.wav,0.0
data\timit_mixed\SI1339_clean.wav,data\timit_mixed\SI1339_snr10.wav,data\noise\m109.wav,10.0
data\timit_mixed\SI2302_clean.wav,data\timit_mixed\SI2302_snr0.wav,data\noise\destroyerops.wav,0.0
data\timit_mixed\SI1245_clean.wav,data\timit_mixed\SI1245_snr-5.wav,data\noise\demo_noise.wav,-5.0
data\timit_mixed\SI1737_clean.wav,data\timit_mixed\SI1737_snr0.wav,data\noise\hfchannel.wav,0.0
data\timit_mixed\SX15_clean.wav,data\timit_mixed\SX15_snr-5.wav,data\noise\m109.wav,-5.0
data\timit_mixed\SI1357_clean.wav,data\timit_mixed\SI1357_snr-5.wav,data\noise\m109.wav,-5.0
data\timit_mixed\SX398_clean.wav,data\timit_mixed\SX398_snr10.wav,data\noise\destroyerengine.wav,10.0
data\timit_mixed\SX198_clean.wav,data\timit_mixed\SX198_snr10.wav,data\noise\f16.wav,10.0
data\timit_mixed\SX349_clean.wav,data\timit_mixed\SX349_snr0.wav,data\noise\babble.wav,0.0
data\timit_mixed\SI1695_clean.wav,data\timit_mixed\SI1695_snr10.wav,data\noise\m109.wav,10.0
data\timit_mixed\SI2146_clean.wav,data\timit_mixed\SI2146_snr5.wav,data\noise\hfchannel.wav,5.0
data\timit_mixed\SI2311_clean.wav,data\timit_mixed\SI2311_snr10.wav,data\noise\pink.wav,10.0
data\timit_mixed\SI2136_clean.wav,data\timit_mixed\SI2136_snr-5.wav,data\noise\white.wav,-5.0
data\timit_mixed\SI1719_clean.wav,data\timit_mixed\SI1719_snr0.wav,data\noise\white.wav,0.0
data\timit_mixed\SI1789_clean.wav,data\timit_mixed\SI1789_snr5.wav,data\noise\destroyerengine.wav,5.0
data\timit_mixed\SI2214_clean.wav,data\timit_mixed\SI2214_snr10.wav,data\noise\destroyerops.wav,10.0
data\timit_mixed\SI1862_clean.wav,data\timit_mixed\SI1862_snr0.wav,data\noise\destroyerops.wav,0.0
data\timit_mixed\SI1053_clean.wav,data\timit_mixed\SI1053_snr0.wav,data\noise\destroyerengine.wav,0.0
data\timit_mixed\SI1867_clean.wav,data\timit_mixed\SI1867_snr10.wav,data\noise\leopard.wav,10.0
data\timit_mixed\SX176_clean.wav,data\timit_mixed\SX176_snr-5.wav,data\noise\factory2.wav,-5.0
data\timit_mixed\SI1049_clean.wav,data\timit_mixed\SI1049_snr5.wav,data\noise\babble.wav,5.0
data\timit_mixed\SI1434_clean.wav,data\timit_mixed\SI1434_snr-5.wav,data\noise\buccaneer1.wav,-5.0
data\timit_mixed\SI1236_clean.wav,data\timit_mixed\SI1236_snr-5.wav,data\noise\leopard.wav,-5.0
data\timit_mixed\SI1769_clean.wav,data\timit_mixed\SI1769_snr10.wav,data\noise\babble.wav,10.0
data\timit_mixed\SX245_clean.wav,data\timit_mixed\SX245_snr10.wav,data\noise\hfchannel.wav,10.0
data\timit_mixed\SI1773_clean.wav,data\timit_mixed\SI1773_snr10.wav,data\noise\destroyerengine.wav,10.0
data\timit_mixed\SI1368_clean.wav,data\timit_mixed\SI1368_snr5.wav,data\noise\babble.wav,5.0
data\timit_mixed\SI1929_clean.wav,data\timit_mixed\SI1929_snr0.wav,data\noise\hfchannel.wav,0.0
data\timit_mixed\SI1638_clean.wav,data\timit_mixed\SI1638_snr10.wav,data\noise\babble.wav,10.0
data\timit_mixed\SI976_clean.wav,data\timit_mixed\SI976_snr0.wav,data\noise\leopard.wav,0.0
data\timit_mixed\SI990_clean.wav,data\timit_mixed\SI990_snr5.wav,data\noise\factory2.wav,5.0
data\timit_mixed\SI889_clean.wav,data\timit_mixed\SI889_snr10.wav,data\noise\white.wav,10.0
data\timit_mixed\SX272_clean.wav,data\timit_mixed\SX272_snr5.wav,data\noise\f16.wav,5.0
data\timit_mixed\SX93_clean.wav,data\timit_mixed\SX93_snr5.wav,data\noise\destroyerengine.wav,5.0
data\timit_mixed\SI1298_clean.wav,data\timit_mixed\SI1298_snr10.wav,data\noise\leopard.wav,10.0
data\timit_mixed\SX246_clean.wav,data\timit_mixed\SX246_snr0.wav,data\noise\leopard.wav,0.0
data\timit_mixed\SI2333_clean.wav,data\timit_mixed\SI2333_snr10.wav,data\noise\buccaneer2.wav,10.0
data\timit_mixed\SX18_clean.wav,data\timit_mixed\SX18_snr-5.wav,data\noise\machinegun.wav,-5.0
data\timit_mixed\SX384_clean.wav,data\timit_mixed\SX384_snr5.wav,data\noise\leopard.wav,5.0
data\timit_mixed\SI1241_clean.wav,data\timit_mixed\SI1241_snr10.wav,data\noise\white.wav,10.0
data\timit_mixed\SI472_clean.wav,data\timit_mixed\SI472_snr10.wav,data\noise\f16.wav,10.0
data\timit_mixed\SI2152_clean.wav,data\timit_mixed\SI2152_snr-5.wav,data\noise\volvo.wav,-5.0
data\timit_mixed\SI1605_clean.wav,data\timit_mixed\SI1605_snr10.wav,data\noise\hfchannel.wav,10.0
data\timit_mixed\SI1467_clean.wav,data\timit_mixed\SI1467_snr-5.wav,data\noise\f16.wav,-5.0
data\timit_mixed\SI1907_clean.wav,data\timit_mixed\SI1907_snr0.wav,data\noise\leopard.wav,0.0
data\timit_mixed\SI1798_clean.wav,data\timit_mixed\SI1798_snr-5.wav,data\noise\machinegun.wav,-5.0
data\timit_mixed\SI957_clean.wav,data\timit_mixed\SI957_snr10.wav,data\noise\factory2.wav,10.0
data\timit_mixed\SI592_clean.wav,data\timit_mixed\SI592_snr5.wav,data\noise\pink.wav,5.0
data\timit_mixed\SI676_clean.wav,data\timit_mixed\SI676_snr5.wav,data\noise\volvo.wav,5.0
data\timit_mixed\SI2329_clean.wav,data\timit_mixed\SI2329_snr5.wav,data\noise\volvo.wav,5.0
data\timit_mixed\SI1738_clean.wav,data\timit_mixed\SI1738_snr5.wav,data\noise\leopard.wav,5.0
data\timit_mixed\SI2146_clean.wav,data\timit_mixed\SI2146_snr-5.wav,data\noise\hfchannel.wav,-5.0
data\timit_mixed\SI852_clean.wav,data\timit_mixed\SI852_snr0.wav,data\noise\buccaneer2.wav,0.0
data\timit_mixed\SX246_clean.wav,data\timit_mixed\SX246_snr-5.wav,data\noise\leopard.wav,-5.0
data\timit_mixed\SX419_clean.wav,data\timit_mixed\SX419_snr0.wav,data\noise\destroyerengine.wav,0.0
data\timit_mixed\SI1041_clean.wav,data\timit_mixed\SI1041_snr5.wav,data\noise\hfchannel.wav,5.0
data\timit_mixed\SI504_clean.wav,data\timit_mixed\SI504_snr-5.wav,data\noise\leopard.wav,-5.0
data\timit_mixed\SI1617_clean.wav,data\timit_mixed\SI1617_snr-5.wav,data\noise\destroyerengine.wav,-5.0
data\timit_mixed\SI1532_clean.wav,data\timit_mixed\SI1532_snr5.wav,data\noise\hfchannel.wav,5.0
data\timit_mixed\SI516_clean.wav,data\timit_mixed\SI516_snr0.wav,data\noise\f16.wav,0.0
data\timit_mixed\SX85_clean.wav,data\timit_mixed\SX85_snr0.wav,data\noise\machinegun.wav,0.0
data\timit_mixed\SI2239_clean.wav,data\timit_mixed\SI2239_snr0.wav,data\noise\pink.wav,0.0
data\timit_mixed\SI737_clean.wav,data\timit_mixed\SI737_snr0.wav,data\noise\pink.wav,0.0
data\timit_mixed\SI2214_clean.wav,data\timit_mixed\SI2214_snr0.wav,data\noise\destroyerops.wav,0.0
data\timit_mixed\SI1314_clean.wav,data\timit_mixed\SI1314_snr10.wav,data\noise\demo_noise.wav,10.0
data\timit_mixed\SI647_clean.wav,data\timit_mixed\SI647_snr5.wav,data\noise\factory2.wav,5.0
data\timit_mixed\SI1611_clean.wav,data\timit_mixed\SI1611_snr5.wav,data\noise\volvo.wav,5.0
data\timit_mixed\SI1890_clean.wav,data\timit_mixed\SI1890_snr-5.wav,data\noise\buccaneer1.wav,-5.0
data\timit_mixed\SI792_clean.wav,data\timit_mixed\SI792_snr5.wav,data\noise\destroyerops.wav,5.0
data\timit_mixed\SI1061_clean.wav,data\timit_mixed\SI1061_snr-5.wav,data\noise\machinegun.wav,-5.0
data\timit_mixed\SI588_clean.wav,data\timit_mixed\SI588_snr-5.wav,data\noise\leopard.wav,-5.0
data\timit_mixed\SI2331_clean.wav,data\timit_mixed\SI2331_snr5.wav,data\noise\babble.wav,5.0
data\timit_mixed\SX401_clean.wav,data\timit_mixed\SX401_snr5.wav,data\noise\factory2.wav,5.0
data\timit_mixed\SX69_clean.wav,data\timit_mixed\SX69_snr-5.wav,data\noise\m109.wav,-5.0
data\timit_mixed\SI1071_clean.wav,data\timit_mixed\SI1071_snr-5.wav,data\noise\f16.wav,-5.0
data\timit_mixed\SI1500_clean.wav,data\timit_mixed\SI1500_snr-5.wav,data\noise\m109.wav,-5.0
data\timit_mixed\SI1461_clean.wav,data\timit_mixed\SI1461_snr10.wav,data\noise\buccaneer1.wav,10.0
data\timit_mixed\SI1430_clean.wav,data\timit_mixed\SI1430_snr10.wav,data\noise\pink.wav,10.0
data\timit_mixed\SI1477_clean.wav,data\timit_mixed\SI1477_snr0.wav,data\noise\machinegun.wav,0.0
data\timit_mixed\SI1930_clean.wav,data\timit_mixed\SI1930_snr0.wav,data\noise\leopard.wav,0.0
data\timit_mixed\SI1777_clean.wav,data\timit_mixed\SI1777_snr5.wav,data\noise\factory2.wav,5.0
data\timit_mixed\SI1328_clean.wav,data\timit_mixed\SI1328_snr10.wav,data\noise\buccaneer1.wav,10.0
data\timit_mixed\SX27_clean.wav,data\timit_mixed\SX27_snr10.wav,data\noise\demo_noise.wav,10.0
data\timit_mixed\SI585_clean.wav,data\timit_mixed\SI585_snr0.wav,data\noise\factory2.wav,0.0
data\timit_mixed\SI1830_clean.wav,data\timit_mixed\SI1830_snr0.wav,data\noise\white.wav,0.0
data\timit_mixed\SX331_clean.wav,data\timit_mixed\SX331_snr5.wav,data\noise\volvo.wav,5.0
data\timit_mixed\SI1908_clean.wav,data\timit_mixed\SI1908_snr0.wav,data\noise\m109.wav,0.0
data\timit_mixed\SX392_clean.wav,data\timit_mixed\SX392_snr5.wav,data\noise\babble.wav,5.0
data\timit_mixed\SI689_clean.wav,data\timit_mixed\SI689_snr0.wav,data\noise\factory1.wav,0.0
data\timit_mixed\SI489_clean.wav,data\timit_mixed\SI489_snr10.wav,data\noise\buccaneer2.wav,10.0
data\timit_mixed\SI1603_clean.wav,data\timit_mixed\SI1603_snr-5.wav,data\noise\factory1.wav,-5.0
data\timit_mixed\SI2267_clean.wav,data\timit_mixed\SI2267_snr5.wav,data\noise\white.wav,5.0
data\timit_mixed\SI555_clean.wav,data\timit_mixed\SI555_snr10.wav,data\noise\buccaneer2.wav,10.0
data\timit_mixed\SI1305_clean.wav,data\timit_mixed\SI1305_snr5.wav,data\noise\volvo.wav,5.0
data\timit_mixed\SX69_clean.wav,data\timit_mixed\SX69_snr0.wav,data\noise\m109.wav,0.0
data\timit_mixed\SI2193_clean.wav,data\timit_mixed\SI2193_snr0.wav,data\noise\factory2.wav,0.0
data\timit_mixed\SI2325_clean.wav,data\timit_mixed\SI2325_snr5.wav,data\noise\leopard.wav,5.0
data\timit_mixed\SI675_clean.wav,data\timit_mixed\SI675_snr-5.wav,data\noise\pink.wav,-5.0
data\timit_mixed\SI502_clean.wav,data\timit_mixed\SI502_snr5.wav,data\noise\hfchannel.wav,5.0
data\timit_mixed\SI1025_clean.wav,data\timit_mixed\SI1025_snr0.wav,data\noise\buccaneer1.wav,0.0
data\timit_mixed\SI1344_clean.wav,data\timit_mixed\SI1344_snr-5.wav,data\noise\babble.wav,-5.0
data\timit_mixed\SI1567_clean.wav,data\timit_mixed\SI1567_snr0.wav,data\noise\machinegun.wav,0.0
data\timit_mixed\SX376_clean.wav,data\timit_mixed\SX376_snr5.wav,data\noise\destroyerengine.wav,5.0
data\timit_mixed\SI1326_clean.wav,data\timit_mixed\SI1326_snr5.wav,data\noise\white.wav,5.0
data\timit_mixed\SI762_clean.wav,data\timit_mixed\SI762_snr5.wav,data\noise\white.wav,5.0
data\timit_mixed\SI701_clean.wav,data\timit_mixed\SI701_snr0.wav,data\noise\buccaneer2.wav,0.0
data\timit_mixed\SI2091_clean.wav,data\timit_mixed\SI2091_snr5.wav,data\noise\buccaneer1.wav,5.0
data\timit_mixed\SI1238_clean.wav,data\timit_mixed\SI1238_snr10.wav,data\noise\machinegun.wav,10.0
data\timit_mixed\SI507_clean.wav,data\timit_mixed\SI507_snr5.wav,data\noise\pink.wav,5.0
data\timit_mixed\SI537_clean.wav,data\timit_mixed\SI537_snr5.wav,data\noise\factory2.wav,5.0
data\timit_mixed\SI2125_clean.wav,data\timit_mixed\SI2125_snr10.wav,data\noise\destroyerops.wav,10.0
data\timit_mixed\SI556_clean.wav,data\timit_mixed\SI556_snr0.wav,data\noise\demo_noise.wav,0.0
data\timit_mixed\SI2215_clean.wav,data\timit_mixed\SI2215_snr5.wav,data\noise\f16.wav,5.0
data\timit_mixed\SX285_clean.wav,data\timit_mixed\SX285_snr-5.wav,data\noise\leopard.wav,-5.0
data\timit_mixed\SX332_clean.wav,data\timit_mixed\SX332_snr-5.wav,data\noise\white.wav,-5.0
data\timit_mixed\SI616_clean.wav,data\timit_mixed\SI616_snr5.wav,data\noise\buccaneer2.wav,5.0
data\timit_mixed\SX435_clean.wav,data\timit_mixed\SX435_snr10.wav,data\noise\destroyerops.wav,10.0
data\timit_mixed\SI1023_clean.wav,data\timit_mixed\SI1023_snr10.wav,data\noise\babble.wav,10.0
data\timit_mixed\SX207_clean.wav,data\timit_mixed\SX207_snr10.wav,data\noise\m109.wav,10.0
data\timit_mixed\SI618_clean.wav,data\timit_mixed\SI618_snr5.wav,data\noise\destroyerengine.wav,5.0
data\timit_mixed\SX66_clean.wav,data\timit_mixed\SX66_snr5.wav,data\noise\factory2.wav,5.0
data\timit_mixed\SI1785_clean.wav,data\timit_mixed\SI1785_snr0.wav,data\noise\babble.wav,0.0
data\timit_mixed\SX77_clean.wav,data\timit_mixed\SX77_snr5.wav,data\noise\destroyerengine.wav,5.0
data\timit_mixed\SI721_clean.wav,data\timit_mixed\SI721_snr-5.wav,data\noise\f16.wav,-5.0
data\timit_mixed\SI1925_clean.wav,data\timit_mixed\SI1925_snr10.wav,data\noise\f16.wav,10.0
data\timit_mixed\SI661_clean.wav,data\timit_mixed\SI661_snr5.wav,data\noise\demo_noise.wav,5.0
data\timit_mixed\SX117_clean.wav,data\timit_mixed\SX117_snr10.wav,data\noise\destroyerops.wav,10.0
data\timit_mixed\SI968_clean.wav,data\timit_mixed\SI968_snr5.wav,data\noise\buccaneer2.wav,5.0
data\timit_mixed\SX59_clean.wav,data\timit_mixed\SX59_snr0.wav,data\noise\babble.wav,0.0
data\timit_mixed\SI1074_clean.wav,data\timit_mixed\SI1074_snr-5.wav,data\noise\hfchannel.wav,-5.0
data\timit_mixed\SI2314_clean.wav,data\timit_mixed\SI2314_snr0.wav,data\noise\white.wav,0.0
data\timit_mixed\SI658_clean.wav,data\timit_mixed\SI658_snr0.wav,data\noise\buccaneer1.wav,0.0
data\timit_mixed\SI2214_clean.wav,data\timit_mixed\SI2214_snr-5.wav,data\noise\destroyerops.wav,-5.0
data\timit_mixed\SI1008_clean.wav,data\timit_mixed\SI1008_snr0.wav,data\noise\f16.wav,0.0
data\timit_mixed\SI2110_clean.wav,data\timit_mixed\SI2110_snr5.wav,data\noise\machinegun.wav,5.0
data\timit_mixed\SI1210_clean.wav,data\timit_mixed\SI1210_snr0.wav,data\noise\factory2.wav,0.0
data\timit_mixed\SX376_clean.wav,data\timit_mixed\SX376_snr10.wav,data\noise\destroyerengine.wav,10.0
data\timit_mixed\SI1367_clean.wav,data\timit_mixed\SI1367_snr10.wav,data\noise\white.wav,10.0
data\timit_mixed\SX39_clean.wav,data\timit_mixed\SX39_snr5.wav,data\noise\pink.wav,5.0
data\timit_mixed\SI993_clean.wav,data\timit_mixed\SI993_snr0.wav,data\noise\leopard.wav,0.0
data\timit_mixed\SI1312_clean.wav,data\timit_mixed\SI1312_snr0.wav,data\noise\buccaneer1.wav,0.0
data\timit_mixed\SI2088_clean.wav,data\timit_mixed\SI2088_snr0.wav,data\noise\babble.wav,0.0
data\timit_mixed\SI1742_clean.wav,data\timit_mixed\SI1742_snr-5.wav,data\noise\pink.wav,-5.0
data\timit_mixed\SI2216_clean.wav,data\timit_mixed\SI2216_snr-5.wav,data\noise\factory1.wav,-5.0
data\timit_mixed\SI1424_clean.wav,data\timit_mixed\SI1424_snr0.wav,data\noise\factory2.wav,0.0
data\timit_mixed\SI670_clean.wav,data\timit_mixed\SI670_snr0.wav,data\noise\leopard.wav,0.0
data\timit_mixed\SI2319_clean.wav,data\timit_mixed\SI2319_snr5.wav,data\noise\destroyerengine.wav,5.0
data\timit_mixed\SI1347_clean.wav,data\timit_mixed\SI1347_snr0.wav,data\noise\demo_noise.wav,0.0
data\timit_mixed\SI2252_clean.wav,data\timit_mixed\SI2252_snr10.wav,data\noise\hfchannel.wav,10.0
data\timit_mixed\SI1976_clean.wav,data\timit_mixed\SI1976_snr0.wav,data\noise\white.wav,0.0
data\timit_mixed\SI466_clean.wav,data\timit_mixed\SI466_snr0.wav,data\noise\buccaneer2.wav,0.0
data\timit_mixed\SI1922_clean.wav,data\timit_mixed\SI1922_snr10.wav,data\noise\destroyerengine.wav,10.0
data\timit_mixed\SI834_clean.wav,data\timit_mixed\SI834_snr5.wav,data\noise\destroyerops.wav,5.0
data\timit_mixed\SI1150_clean.wav,data\timit_mixed\SI1150_snr5.wav,data\noise\machinegun.wav,5.0
data\timit_mixed\SX376_clean.wav,data\timit_mixed\SX376_snr-5.wav,data\noise\destroyerengine.wav,-5.0
data\timit_mixed\SI507_clean.wav,data\timit_mixed\SI507_snr10.wav,data\noise\pink.wav,10.0
data\timit_mixed\SI1046_clean.wav,data\timit_mixed\SI1046_snr-5.wav,data\noise\pink.wav,-5.0
data\timit_mixed\SI512_clean.wav,data\timit_mixed\SI512_snr-5.wav,data\noise\buccaneer2.wav,-5.0
data\timit_mixed\SX135_clean.wav,data\timit_mixed\SX135_snr5.wav,data\noise\buccaneer1.wav,5.0
data\timit_mixed\SI1570_clean.wav,data\timit_mixed\SI1570_snr5.wav,data\noise\white.wav,5.0
data\timit_mixed\SI1660_clean.wav,data\timit_mixed\SI1660_snr5.wav,data\noise\volvo.wav,5.0
data\timit_mixed\SI1908_clean.wav,data\timit_mixed\SI1908_snr10.wav,data\noise\m109.wav,10.0
data\timit_mixed\SX259_clean.wav,data\timit_mixed\SX259_snr10.wav,data\noise\factory1.wav,10.0
data\timit_mixed\SI2336_clean.wav,data\timit_mixed\SI2336_snr5.wav,data\noise\destroyerops.wav,5.0
data\timit_mixed\SX107_clean.wav,data\timit_mixed\SX107_snr10.wav,data\noise\white.wav,10.0
data\timit_mixed\SI1338_clean.wav,data\timit_mixed\SI1338_snr5.wav,data\noise\leopard.wav,5.0
data\timit_mixed\SI1747_clean.wav,data\timit_mixed\SI1747_snr5.wav,data\noise\babble.wav,5.0
data\timit_mixed\SX386_clean.wav,data\timit_mixed\SX386_snr5.wav,data\noise\m109.wav,5.0
data\timit_mixed\SI924_clean.wav,data\timit_mixed\SI924_snr10.wav,data\noise\destroyerops.wav,10.0
data\timit_mixed\SI1782_clean.wav,data\timit_mixed\SI1782_snr-5.wav,data\noise\pink.wav,-5.0
data\timit_mixed\SI1599_clean.wav,data\timit_mixed\SI1599_snr-5.wav,data\noise\demo_noise.wav,-5.0
data\timit_mixed\SI1065_clean.wav,data\timit_mixed\SI1065_snr10.wav,data\noise\babble.wav,10.0
data\timit_mixed\SI1508_clean.wav,data\timit_mixed\SI1508_snr10.wav,data\noise\buccaneer2.wav,10.0
data\timit_mixed\SI1415_clean.wav,data\timit_mixed\SI1415_snr-5.wav,data\noise\babble.wav,-5.0
data\timit_mixed\SI2214_clean.wav,data\timit_mixed\SI2214_snr5.wav,data\noise\destroyerops.wav,5.0
data\timit_mixed\SI1912_clean.wav,data\timit_mixed\SI1912_snr5.wav,data\noise\pink.wav,5.0
data\timit_mixed\SX401_clean.wav,data\timit_mixed\SX401_snr0.wav,data\noise\factory2.wav,0.0
data\timit_mixed\SX254_clean.wav,data\timit_mixed\SX254_snr5.wav,data\noise\buccaneer2.wav,5.0
data\timit_mixed\SX420_clean.wav,data\timit_mixed\SX420_snr10.wav,data\noise\f16.wav,10.0
data\timit_mixed\SI1770_clean.wav,data\timit_mixed\SI1770_snr5.wav,data\noise\buccaneer1.wav,5.0
data\timit_mixed\SI1221_clean.wav,data\timit_mixed\SI1221_snr5.wav,data\noise\pink.wav,5.0
data\timit_mixed\SI1492_clean.wav,data\timit_mixed\SI1492_snr5.wav,data\noise\destroyerops.wav,5.0
data\timit_mixed\SX178_clean.wav,data\timit_mixed\SX178_snr10.wav,data\noise\leopard.wav,10.0
data\timit_mixed\SI2162_clean.wav,data\timit_mixed\SI2162_snr5.wav,data\noise\factory2.wav,5.0
data\timit_mixed\SI2041_clean.wav,data\timit_mixed\SI2041_snr10.wav,data\noise\leopard.wav,10.0
data\timit_mixed\SI1222_clean.wav,data\timit_mixed\SI1222_snr10.wav,data\noise\volvo.wav,10.0
data\timit_mixed\SI2094_clean.wav,data\timit_mixed\SI2094_snr10.wav,data\noise\demo_noise.wav,10.0
data\timit_mixed\SI1881_clean.wav,data\timit_mixed\SI1881_snr0.wav,data\noise\factory2.wav,0.0
data\timit_mixed\SI1857_clean.wav,data\timit_mixed\SI1857_snr0.wav,data\noise\babble.wav,0.0
data\timit_mixed\SI2087_clean.wav,data\timit_mixed\SI2087_snr-5.wav,data\noise\white.wav,-5.0
data\timit_mixed\SX301_clean.wav,data\timit_mixed\SX301_snr0.wav,data\noise\f16.wav,0.0
data\timit_mixed\SX181_clean.wav,data\timit_mixed\SX181_snr-5.wav,data\noise\volvo.wav,-5.0
data\timit_mixed\SI2178_clean.wav,data\timit_mixed\SI2178_snr5.wav,data\noise\white.wav,5.0
data\timit_mixed\SX421_clean.wav,data\timit_mixed\SX421_snr-5.wav,data\noise\factory1.wav,-5.0
data\timit_mixed\SI650_clean.wav,data\timit_mixed\SI650_snr-5.wav,data\noise\leopard.wav,-5.0
data\timit_mixed\SI1547_clean.wav,data\timit_mixed\SI1547_snr5.wav,data\noise\white.wav,5.0
data\timit_mixed\SI599_clean.wav,data\timit_mixed\SI599_snr0.wav,data\noise\buccaneer2.wav,0.0
data\timit_mixed\SI1498_clean.wav,data\timit_mixed\SI1498_snr-5.wav,data\noise\hfchannel.wav,-5.0
data\timit_mixed\SI660_clean.wav,data\timit_mixed\SI660_snr10.wav,data\noise\buccaneer2.wav,10.0
data\timit_mixed\SI2230_clean.wav,data\timit_mixed\SI2230_snr-5.wav,data\noise\destroyerengine.wav,-5.0
data\timit_mixed\SI1731_clean.wav,data\timit_mixed\SI1731_snr10.wav,data\noise\destroyerops.wav,10.0
data\timit_mixed\SI1773_clean.wav,data\timit_mixed\SI1773_snr-5.wav,data\noise\destroyerengine.wav,-5.0
data\timit_mixed\SI1638_clean.wav,data\timit_mixed\SI1638_snr5.wav,data\noise\babble.wav,5.0
data\timit_mixed\SI811_clean.wav,data\timit_mixed\SI811_snr-5.wav,data\noise\factory2.wav,-5.0
data\timit_mixed\SI2242_clean.wav,data\timit_mixed\SI2242_snr5.wav,data\noise\babble.wav,5.0
data\timit_mixed\SX309_clean.wav,data\timit_mixed\SX309_snr-5.wav,data\noise\machinegun.wav,-5.0
data\timit_mixed\SI1920_clean.wav,data\timit_mixed\SI1920_snr10.wav,data\noise\buccaneer2.wav,10.0
data\timit_mixed\SX27_clean.wav,data\timit_mixed\SX27_snr5.wav,data\noise\demo_noise.wav,5.0
data\timit_mixed\SI1705_clean.wav,data\timit_mixed\SI1705_snr0.wav,data\noise\destroyerops.wav,0.0
data\timit_mixed\SI871_clean.wav,data\timit_mixed\SI871_snr10.wav,data\noise\pink.wav,10.0
data\timit_mixed\SI1224_clean.wav,data\timit_mixed\SI1224_snr5.wav,data\noise\white.wav,5.0
data\timit_mixed\SX321_clean.wav,data\timit_mixed\SX321_snr-5.wav,data\noise\destroyerengine.wav,-5.0
data\timit_mixed\SI1776_clean.wav,data\timit_mixed\SI1776_snr-5.wav,data\noise\factory1.wav,-5.0
data\timit_mixed\SI515_clean.wav,data\timit_mixed\SI515_snr5.wav,data\noise\destroyerops.wav,5.0
data\timit_mixed\SI2317_clean.wav,data\timit_mixed\SI2317_snr-5.wav,data\noise\buccaneer2.wav,-5.0
data\timit_mixed\SI1248_clean.wav,data\timit_mixed\SI1248_snr-5.wav,data\noise\f16.wav,-5.0
data\timit_mixed\SX247_clean.wav,data\timit_mixed\SX247_snr10.wav,data\noise\m109.wav,10.0
data\timit_mixed\SI938_clean.wav,data\timit_mixed\SI938_snr-5.wav,data\noise\pink.wav,-5.0
data\timit_mixed\SI1956_clean.wav,data\timit_mixed\SI1956_snr5.wav,data\noise\pink.wav,5.0
data\timit_mixed\SI1732_clean.wav,data\timit_mixed\SI1732_snr0.wav,data\noise\f16.wav,0.0
data\timit_mixed\SI1570_clean.wav,data\timit_mixed\SI1570_snr0.wav,data\noise\white.wav,0.0
data\timit_mixed\SI2055_clean.wav,data\timit_mixed\SI2055_snr5.wav,data\noise\factory2.wav,5.0
data\timit_mixed\SI817_clean.wav,data\timit_mixed\SI817_snr5.wav,data\noise\volvo.wav,5.0
data\timit_mixed\SA1_clean.wav,data\timit_mixed\SA1_snr5.wav,data\noise\buccaneer1.wav,5.0
data\timit_mixed\SI2159_clean.wav,data\timit_mixed\SI2159_snr0.wav,data\noise\destroyerops.wav,0.0
data\timit_mixed\SI1300_clean.wav,data\timit_mixed\SI1300_snr5.wav,data\noise\machinegun.wav,5.0
data\timit_mixed\SI2245_clean.wav,data\timit_mixed\SI2245_snr10.wav,data\noise\demo_noise.wav,10.0
data\timit_mixed\SI1269_clean.wav,data\timit_mixed\SI1269_snr0.wav,data\noise\factory2.wav,0.0
data\timit_mixed\SI620_clean.wav,data\timit_mixed\SI620_snr-5.wav,data\noise\f16.wav,-5.0
data\timit_mixed\SI1982_clean.wav,data\timit_mixed\SI1982_snr-5.wav,data\noise\destroyerops.wav,-5.0
data\timit_mixed\SI1675_clean.wav,data\timit_mixed\SI1675_snr10.wav,data\noise\factory1.wav,10.0
data\timit_mixed\SX68_clean.wav,data\timit_mixed\SX68_snr-5.wav,data\noise\leopard.wav,-5.0
data\timit_mixed\SI1262_clean.wav,data\timit_mixed\SI1262_snr5.wav,data\noise\destroyerengine.wav,5.0
data\timit_mixed\SI1619_clean.wav,data\timit_mixed\SI1619_snr0.wav,data\noise\f16.wav,0.0
data\timit_mixed\SX91_clean.wav,data\timit_mixed\SX91_snr10.wav,data\noise\buccaneer2.wav,10.0
data\timit_mixed\SI654_clean.wav,data\timit_mixed\SI654_snr10.wav,data\noise\pink.wav,10.0
data\timit_mixed\SI983_clean.wav,data\timit_mixed\SI983_snr5.wav,data\noise\buccaneer1.wav,5.0
data\timit_mixed\SI2018_clean.wav,data\timit_mixed\SI2018_snr5.wav,data\noise\leopard.wav,5.0
data\timit_mixed\SI582_clean.wav,data\timit_mixed\SI582_snr10.wav,data\noise\factory1.wav,10.0
data\timit_mixed\SI1591_clean.wav,data\timit_mixed\SI1591_snr0.wav,data\noise\m109.wav,0.0
data\timit_mixed\SI1420_clean.wav,data\timit_mixed\SI1420_snr10.wav,data\noise\destroyerops.wav,10.0
data\timit_mixed\SI1237_clean.wav,data\timit_mixed\SI1237_snr5.wav,data\noise\m109.wav,5.0
data\timit_mixed\SI709_clean.wav,data\timit_mixed\SI709_snr0.wav,data\noise\leopard.wav,0.0
data\timit_mixed\SI1920_clean.wav,data\timit_mixed\SI1920_snr5.wav,data\noise\buccaneer2.wav,5.0
data\timit_mixed\SI1717_clean.wav,data\timit_mixed\SI1717_snr-5.wav,data\noise\volvo.wav,-5.0
data\timit_mixed\SI552_clean.wav,data\timit_mixed\SI552_snr10.wav,data\noise\buccaneer1.wav,10.0
data\timit_mixed\SI2234_clean.wav,data\timit_mixed\SI2234_snr-5.wav,data\noise\factory2.wav,-5.0
data\timit_mixed\SI1438_clean.wav,data\timit_mixed\SI1438_snr0.wav,data\noise\destroyerops.wav,0.0
data\timit_mixed\SI1875_clean.wav,data\timit_mixed\SI1875_snr-5.wav,data\noise\buccaneer2.wav,-5.0
data\timit_mixed\SI1682_clean.wav,data\timit_mixed\SI1682_snr10.wav,data\noise\volvo.wav,10.0
data\timit_mixed\SX108_clean.wav,data\timit_mixed\SX108_snr-5.wav,data\noise\babble.wav,-5.0
data\timit_mixed\SI1319_clean.wav,data\timit_mixed\SI1319_snr5.wav,data\noise\factory2.wav,5.0
data\timit_mixed\SI1315_clean.wav,data\timit_mixed\SI1315_snr10.wav,data\noise\destroyerengine.wav,10.0
data\timit_mixed\SI1151_clean.wav,data\timit_mixed\SI1151_snr0.wav,data\noise\pink.wav,0.0
data\timit_mixed\SI810_clean.wav,data\timit_mixed\SI810_snr10.wav,data\noise\factory1.wav,10.0
data\timit_mixed\SI1692_clean.wav,data\timit_mixed\SI1692_snr5.wav,data\noise\factory2.wav,5.0
data\timit_mixed\SX342_clean.wav,data\timit_mixed\SX342_snr0.wav,data\noise\hfchannel.wav,0.0
data\timit_mixed\SI1201_clean.wav,data\timit_mixed\SI1201_snr5.wav,data\noise\babble.wav,5.0
data\timit_mixed\SI2251_clean.wav,data\timit_mixed\SI2251_snr5.wav,data\noise\factory2.wav,5.0
data\timit_mixed\SX328_clean.wav,data\timit_mixed\SX328_snr-5.wav,data\noise\leopard.wav,-5.0
data\timit_mixed\SI1206_clean.wav,data\timit_mixed\SI1206_snr-5.wav,data\noise\destroyerengine.wav,-5.0
data\timit_mixed\SI1231_clean.wav,data\timit_mixed\SI1231_snr5.wav,data\noise\destroyerops.wav,5.0
data\timit_mixed\SI1212_clean.wav,data\timit_mixed\SI1212_snr5.wav,data\noise\leopard.wav,5.0
data\timit_mixed\SI1506_clean.wav,data\timit_mixed\SI1506_snr0.wav,data\noise\babble.wav,0.0
data\timit_mixed\SI1267_clean.wav,data\timit_mixed\SI1267_snr5.wav,data\noise\factory1.wav,5.0
data\timit_mixed\SI1410_clean.wav,data\timit_mixed\SI1410_snr0.wav,data\noise\m109.wav,0.0
data\timit_mixed\SX249_clean.wav,data\timit_mixed\SX249_snr-5.wav,data\noise\pink.wav,-5.0
data\timit_mixed\SI496_clean.wav,data\timit_mixed\SI496_snr5.wav,data\noise\factory1.wav,5.0
data\timit_mixed\SI1358_clean.wav,data\timit_mixed\SI1358_snr10.wav,data\noise\machinegun.wav,10.0
data\timit_mixed\SI797_clean.wav,data\timit_mixed\SI797_snr10.wav,data\noise\leopard.wav,10.0
data\timit_mixed\SX178_clean.wav,data\timit_mixed\SX178_snr0.wav,data\noise\leopard.wav,0.0
data\timit_mixed\SI965_clean.wav,data\timit_mixed\SI965_snr10.wav,data\noise\babble.wav,10.0
data\timit_mixed\SI1203_clean.wav,data\timit_mixed\SI1203_snr10.wav,data\noise\buccaneer2.wav,10.0
data\timit_mixed\SI1016_clean.wav,data\timit_mixed\SI1016_snr0.wav,data\noise\leopard.wav,0.0
data\timit_mixed\SX271_clean.wav,data\timit_mixed\SX271_snr-5.wav,data\noise\destroyerops.wav,-5.0
data\timit_mixed\SI671_clean.wav,data\timit_mixed\SI671_snr5.wav,data\noise\m109.wav,5.0
data\timit_mixed\SI1021_clean.wav,data\timit_mixed\SI1021_snr10.wav,data\noise\volvo.wav,10.0
data\timit_mixed\SI1134_clean.wav,data\timit_mixed\SI1134_snr0.wav,data\noise\volvo.wav,0.0
data\timit_mixed\SI2031_clean.wav,data\timit_mixed\SI2031_snr10.wav,data\noise\buccaneer1.wav,10.0
data\timit_mixed\SI804_clean.wav,data\timit_mixed\SI804_snr5.wav,data\noise\buccaneer1.wav,5.0
data\timit_mixed\SI1731_clean.wav,data\timit_mixed\SI1731_snr0.wav,data\noise\destroyerops.wav,0.0
data\timit_mixed\SI872_clean.wav,data\timit_mixed\SI872_snr0.wav,data\noise\volvo.wav,0.0
data\timit_mixed\SI1907_clean.wav,data\timit_mixed\SI1907_snr-5.wav,data\noise\leopard.wav,-5.0
data\timit_mixed\SI2025_clean.wav,data\timit_mixed\SI2025_snr10.wav,data\noise\white.wav,10.0
data\timit_mixed\SI571_clean.wav,data\timit_mixed\SI571_snr5.wav,data\noise\pink.wav,5.0
data\timit_mixed\SI1247_clean.wav,data\timit_mixed\SI1247_snr0.wav,data\noise\destroyerops.wav,0.0
data\timit_mixed\SI571_clean.wav,data\timit_mixed\SI571_snr0.wav,data\noise\pink.wav,0.0
data\timit_mixed\SI631_clean.wav,data\timit_mixed\SI631_snr5.wav,data\noise\buccaneer1.wav,5.0
data\timit_mixed\SX344_clean.wav,data\timit_mixed\SX344_snr10.wav,data\noise\m109.wav,10.0
data\timit_mixed\SI795_clean.wav,data\timit_mixed\SI795_snr-5.wav,data\noise\factory2.wav,-5.0
data\timit_mixed\SI937_clean.wav,data\timit_mixed\SI937_snr0.wav,data\noise\machinegun.wav,0.0
data\timit_mixed\SI1475_clean.wav,data\timit_mixed\SI1475_snr0.wav,data\noise\m109.wav,0.0
data\timit_mixed\SI2087_clean.wav,data\timit_mixed\SI2087_snr10.wav,data\noise\white.wav,10.0
data\timit_mixed\SI2282_clean.wav,data\timit_mixed\SI2282_snr5.wav,data\noise\hfchannel.wav,5.0
data\timit_mixed\SI1932_clean.wav,data\timit_mixed\SI1932_snr10.wav,data\noise\machinegun.wav,10.0
data\timit_mixed\SX175_clean.wav,data\timit_mixed\SX175_snr5.wav,data\noise\factory1.wav,5.0
data\timit_mixed\SI453_clean.wav,data\timit_mixed\SI453_snr0.wav,data\noise\machinegun.wav,0.0
data\timit_mixed\SI1041_clean.wav,data\timit_mixed\SI1041_snr0.wav,data\noise\hfchannel.wav,0.0
data\timit_mixed\SI1433_clean.wav,data\timit_mixed\SI1433_snr0.wav,data\noise\babble.wav,0.0
data\timit_mixed\SX263_clean.wav,data\timit_mixed\SX263_snr-5.wav,data\noise\machinegun.wav,-5.0
data\timit_mixed\SI2062_clean.wav,data\timit_mixed\SI2062_snr10.wav,data\noise\white.wav,10.0
data\timit_mixed\SI1884_clean.wav,data\timit_mixed\SI1884_snr10.wav,data\noise\m109.wav,10.0
data\timit_mixed\SI1254_clean.wav,data\timit_mixed\SI1254_snr-5.wav,data\noise\machinegun.wav,-5.0
data\timit_mixed\SI546_clean.wav,data\timit_mixed\SI546_snr-5.wav,data\noise\white.wav,-5.0
data\timit_mixed\SI1932_clean.wav,data\timit_mixed\SI1932_snr0.wav,data\noise\machinegun.wav,0.0
data\timit_mixed\SI1017_clean.wav,data\timit_mixed\SI1017_snr-5.wav,data\noise\m109.wav,-5.0
data\timit_mixed\SI1752_clean.wav,data\timit_mixed\SI1752_snr5.wav,data\noise\destroyerengine.wav,5.0
data\timit_mixed\SX7_clean.wav,data\timit_mixed\SX7_snr0.wav,data\noise\machinegun.wav,0.0
data\timit_mixed\SI1036_clean.wav,data\timit_mixed\SI1036_snr5.wav,data\noise\factory2.wav,5.0
data\timit_mixed\SI2151_clean.wav,data\timit_mixed\SI2151_snr10.wav,data\noise\pink.wav,10.0
data\timit_mixed\SI951_clean.wav,data\timit_mixed\SI951_snr0.wav,data\noise\demo_noise.wav,0.0
data\timit_mixed\SI1821_clean.wav,data\timit_mixed\SI1821_snr0.wav,data\noise\leopard.wav,0.0
data\timit_mixed\SI1246_clean.wav,data\timit_mixed\SI1246_snr-5.wav,data\noise\destroyerengine.wav,-5.0
data\timit_mixed\SI617_clean.wav,data\timit_mixed\SI617_snr10.wav,data\noise\demo_noise.wav,10.0
data\timit_mixed\SI930_clean.wav,data\timit_mixed\SI930_snr-5.wav,data\noise\factory2.wav,-5.0
data\timit_mixed\SI2191_clean.wav,data\timit_mixed\SI2191_snr-5.wav,data\noise\f16.wav,-5.0
data\timit_mixed\SI1169_clean.wav,data\timit_mixed\SI1169_snr0.wav,data\noise\white.wav,0.0
data\timit_mixed\SI1297_clean.wav,data\timit_mixed\SI1297_snr5.wav,data\noise\hfchannel.wav,5.0
data\timit_mixed\SI781_clean.wav,data\timit_mixed\SI781_snr10.wav,data\noise\leopard.wav,10.0
data\timit_mixed\SI2277_clean.wav,data\timit_mixed\SI2277_snr-5.wav,data\noise\f16.wav,-5.0
data\timit_mixed\SI682_clean.wav,data\timit_mixed\SI682_snr5.wav,data\noise\buccaneer1.wav,5.0
data\timit_mixed\SI715_clean.wav,data\timit_mixed\SI715_snr-5.wav,data\noise\babble.wav,-5.0
data\timit_mixed\SI1350_clean.wav,data\timit_mixed\SI1350_snr5.wav,data\noise\f16.wav,5.0
data\timit_mixed\SI2192_clean.wav,data\timit_mixed\SI2192_snr10.wav,data\noise\factory1.wav,10.0
data\timit_mixed\SI2071_clean.wav,data\timit_mixed\SI2071_snr0.wav,data\noise\factory1.wav,0.0
data\timit_mixed\SI1260_clean.wav,data\timit_mixed\SI1260_snr10.wav,data\noise\buccaneer2.wav,10.0
data\timit_mixed\SI672_clean.wav,data\timit_mixed\SI672_snr-5.wav,data\noise\machinegun.wav,-5.0
data\timit_mixed\SI1137_clean.wav,data\timit_mixed\SI1137_snr-5.wav,data\noise\buccaneer1.wav,-5.0
data\timit_mixed\SI1171_clean.wav,data\timit_mixed\SI1171_snr5.wav,data\noise\buccaneer1.wav,5.0
data\timit_mixed\SI1672_clean.wav,data\timit_mixed\SI1672_snr5.wav,data\noise\destroyerops.wav,5.0
data\timit_mixed\SI1158_clean.wav,data\timit_mixed\SI1158_snr-5.wav,data\noise\destroyerengine.wav,-5.0
data\timit_mixed\SX77_clean.wav,data\timit_mixed\SX77_snr0.wav,data\noise\destroyerengine.wav,0.0
data\timit_mixed\SI2320_clean.wav,data\timit_mixed\SI2320_snr-5.wav,data\noise\destroyerops.wav,-5.0
data\timit_mixed\SI1511_clean.wav,data\timit_mixed\SI1511_snr-5.wav,data\noise\destroyerops.wav,-5.0
data\timit_mixed\SI996_clean.wav,data\timit_mixed\SI996_snr10.wav,data\noise\m109.wav,10.0
data\timit_mixed\SI1869_clean.wav,data\timit_mixed\SI1869_snr-5.wav,data\noise\machinegun.wav,-5.0
data\timit_mixed\SI528_clean.wav,data\timit_mixed\SI528_snr5.wav,data\noise\babble.wav,5.0
data\timit_mixed\SX21_clean.wav,data\timit_mixed\SX21_snr-5.wav,data\noise\machinegun.wav,-5.0
data\timit_mixed\SI1501_clean.wav,data\timit_mixed\SI1501_snr10.wav,data\noise\machinegun.wav,10.0
data\timit_mixed\SI1058_clean.wav,data\timit_mixed\SI1058_snr-5.wav,data\noise\hfchannel.wav,-5.0
data\timit_mixed\SI1196_clean.wav,data\timit_mixed\SI1196_snr10.wav,data\noise\pink.wav,10.0
data\timit_mixed\SI1211_clean.wav,data\timit_mixed\SI1211_snr0.wav,data\noise\hfchannel.wav,0.0
data\timit_mixed\SI1096_clean.wav,data\timit_mixed\SI1096_snr0.wav,data\noise\f16.wav,0.0
data\timit_mixed\SI1504_clean.wav,data\timit_mixed\SI1504_snr0.wav,data\noise\volvo.wav,0.0
data\timit_mixed\SI525_clean.wav,data\timit_mixed\SI525_snr0.wav,data\noise\pink.wav,0.0
data\timit_mixed\SI679_clean.wav,data\timit_mixed\SI679_snr5.wav,data\noise\white.wav,5.0
data\timit_mixed\SX195_clean.wav,data\timit_mixed\SX195_snr5.wav,data\noise\demo_noise.wav,5.0
data\timit_mixed\SI1064_clean.wav,data\timit_mixed\SI1064_snr10.wav,data\noise\white.wav,10.0
data\timit_mixed\SI793_clean.wav,data\timit_mixed\SI793_snr10.wav,data\noise\f16.wav,10.0
data\timit_mixed\SI1065_clean.wav,data\timit_mixed\SI1065_snr5.wav,data\noise\babble.wav,5.0
data\timit_mixed\SI1980_clean.wav,data\timit_mixed\SI1980_snr10.wav,data\noise\demo_noise.wav,10.0
data\timit_mixed\SX444_clean.wav,data\timit_mixed\SX444_snr5.wav,data\noise\volvo.wav,5.0
data\timit_mixed\SI1916_clean.wav,data\timit_mixed\SI1916_snr-5.wav,data\noise\babble.wav,-5.0
data\timit_mixed\SX121_clean.wav,data\timit_mixed\SX121_snr-5.wav,data\noise\factory1.wav,-5.0
data\timit_mixed\SI1434_clean.wav,data\timit_mixed\SI1434_snr0.wav,data\noise\buccaneer1.wav,0.0
data\timit_mixed\SX324_clean.wav,data\timit_mixed\SX324_snr10.wav,data\noise\f16.wav,10.0
data\timit_mixed\SI1016_clean.wav,data\timit_mixed\SI1016_snr-5.wav,data\noise\leopard.wav,-5.0
data\timit_mixed\SI2039_clean.wav,data\timit_mixed\SI2039_snr5.wav,data\noise\factory2.wav,5.0
data\timit_mixed\SI2013_clean.wav,data\timit_mixed\SI2013_snr10.wav,data\noise\factory1.wav,10.0
data\timit_mixed\SI1805_clean.wav,data\timit_mixed\SI1805_snr-5.wav,data\noise\demo_noise.wav,-5.0
data\timit_mixed\SI1136_clean.wav,data\timit_mixed\SI1136_snr5.wav,data\noise\babble.wav,5.0
data\timit_mixed\SX142_clean.wav,data\timit_mixed\SX142_snr-5.wav,data\noise\destroyerengine.wav,-5.0
data\timit_mixed\SI807_clean.wav,data\timit_mixed\SI807_snr10.wav,data\noise\destroyerengine.wav,10.0
data\timit_mixed\SI1465_clean.wav,data\timit_mixed\SI1465_snr0.wav,data\noise\destroyerengine.wav,0.0
data\timit_mixed\SI555_clean.wav,data\timit_mixed\SI555_snr5.wav,data\noise\buccaneer2.wav,5.0
data\timit_mixed\SI1234_clean.wav,data\timit_mixed\SI1234_snr5.wav,data\noise\factory2.wav,5.0
data\timit_mixed\SI705_clean.wav,data\timit_mixed\SI705_snr5.wav,data\noise\f16.wav,5.0
data\timit_mixed\SI1327_clean.wav,data\timit_mixed\SI1327_snr10.wav,data\noise\babble.wav,10.0
data\timit_mixed\SI2245_clean.wav,data\timit_mixed\SI2245_snr-5.wav,data\noise\demo_noise.wav,-5.0
data\timit_mixed\SX198_clean.wav,data\timit_mixed\SX198_snr0.wav,data\noise\f16.wav,0.0
data\timit_mixed\SI2102_clean.wav,data\timit_mixed\SI2102_snr5.wav,data\noise\factory2.wav,5.0
data\timit_mixed\SI851_clean.wav,data\timit_mixed\SI851_snr5.wav,data\noise\buccaneer1.wav,5.0
data\timit_mixed\SI954_clean.wav,data\timit_mixed\SI954_snr10.wav,data\noise\destroyerops.wav,10.0
data\timit_mixed\SI2101_clean.wav,data\timit_mixed\SI2101_snr10.wav,data\noise\factory1.wav,10.0
data\timit_mixed\SI1326_clean.wav,data\timit_mixed\SI1326_snr0.wav,data\noise\white.wav,0.0
data\timit_mixed\SI539_clean.wav,data\timit_mixed\SI539_snr0.wav,data\noise\leopard.wav,0.0
data\timit_mixed\SI2131_clean.wav,data\timit_mixed\SI2131_snr-5.wav,data\noise\leopard.wav,-5.0
data\timit_mixed\SI1022_clean.wav,data\timit_mixed\SI1022_snr0.wav,data\noise\white.wav,0.0
data\timit_mixed\SI906_clean.wav,data\timit_mixed\SI906_snr0.wav,data\noise\machinegun.wav,0.0
data\timit_mixed\SI2329_clean.wav,data\timit_mixed\SI2329_snr10.wav,data\noise\volvo.wav,10.0
data\timit_mixed\SI1222_clean.wav,data\timit_mixed\SI1222_snr0.wav,data\noise\volvo.wav,0.0
data\timit_mixed\SI780_clean.wav,data\timit_mixed\SI780_snr5.wav,data\noise\hfchannel.wav,5.0
data\timit_mixed\SX146_clean.wav,data\timit_mixed\SX146_snr5.wav,data\noise\factory1.wav,5.0
data\timit_mixed\SI2289_clean.wav,data\timit_mixed\SI2289_snr10.wav,data\noise\volvo.wav,10.0
data\timit_mixed\SI1249_clean.wav,data\timit_mixed\SI1249_snr10.wav,data\noise\factory1.wav,10.0
data\timit_mixed\SI1293_clean.wav,data\timit_mixed\SI1293_snr-5.wav,data\noise\factory1.wav,-5.0
data\timit_mixed\SI946_clean.wav,data\timit_mixed\SI946_snr-5.wav,data\noise\buccaneer2.wav,-5.0
data\timit_mixed\SI2229_clean.wav,data\timit_mixed\SI2229_snr-5.wav,data\noise\demo_noise.wav,-5.0
data\timit_mixed\SI1562_clean.wav,data\timit_mixed\SI1562_snr5.wav,data\noise\hfchannel.wav,5.0
data\timit_mixed\SI2269_clean.wav,data\timit_mixed\SI2269_snr5.wav,data\noise\buccaneer1.wav,5.0
data\timit_mixed\SX303_clean.wav,data\timit_mixed\SX303_snr5.wav,data\noise\factory2.wav,5.0
data\timit_mixed\SI1282_clean.wav,data\timit_mixed\SI1282_snr10.wav,data\noise\babble.wav,10.0
data\timit_mixed\SX198_clean.wav,data\timit_mixed\SX198_snr-5.wav,data\noise\f16.wav,-5.0
data\timit_mixed\SI722_clean.wav,data\timit_mixed\SI722_snr0.wav,data\noise\factory1.wav,0.0
data\timit_mixed\SI1141_clean.wav,data\timit_mixed\SI1141_snr0.wav,data\noise\destroyerops.wav,0.0
data\timit_mixed\SI1456_clean.wav,data\timit_mixed\SI1456_snr0.wav,data\noise\volvo.wav,0.0
data\timit_mixed\SI577_clean.wav,data\timit_mixed\SI577_snr5.wav,data\noise\buccaneer2.wav,5.0
data\timit_mixed\SX335_clean.wav,data\timit_mixed\SX335_snr0.wav,data\noise\buccaneer2.wav,0.0
data\timit_mixed\SI483_clean.wav,data\timit_mixed\SI483_snr5.wav,data\noise\pink.wav,5.0
data\timit_mixed\SI1805_clean.wav,data\timit_mixed\SI1805_snr5.wav,data\noise\demo_noise.wav,5.0
data\timit_mixed\SX112_clean.wav,data\timit_mixed\SX112_snr10.wav,data\noise\buccaneer2.wav,10.0
data\timit_mixed\SX253_clean.wav,data\timit_mixed\SX253_snr-5.wav,data\noise\buccaneer1.wav,-5.0
data\timit_mixed\SI1787_clean.wav,data\timit_mixed\SI1787_snr0.wav,data\noise\buccaneer2.wav,0.0
data\timit_mixed\SI2112_clean.wav,data\timit_mixed\SI2112_snr5.wav,data\noise\volvo.wav,5.0
data\timit_mixed\SI1676_clean.wav,data\timit_mixed\SI1676_snr-5.wav,data\noise\factory2.wav,-5.0
data\timit_mixed\SI2134_clean.wav,data\timit_mixed\SI2134_snr0.wav,data\noise\pink.wav,0.0
data\timit_mixed\SI1236_clean.wav,data\timit_mixed\SI1236_snr5.wav,data\noise\leopard.wav,5.0
data\timit_mixed\SX86_clean.wav,data\timit_mixed\SX86_snr10.wav,data\noise\pink.wav,10.0
data\timit_mixed\SI1953_clean.wav,data\timit_mixed\SI1953_snr5.wav,data\noise\leopard.wav,5.0
data\timit_mixed\SI1248_clean.wav,data\timit_mixed\SI1248_snr5.wav,data\noise\f16.wav,5.0
data\timit_mixed\SI2013_clean.wav,data\timit_mixed\SI2013_snr-5.wav,data\noise\factory1.wav,-5.0
data\timit_mixed\SI1962_clean.wav,data\timit_mixed\SI1962_snr5.wav,data\noise\buccaneer2.wav,5.0
data\timit_mixed\SI737_clean.wav,data\timit_mixed\SI737_snr10.wav,data\noise\pink.wav,10.0
data\timit_mixed\SI1734_clean.wav,data\timit_mixed\SI1734_snr0.wav,data\noise\factory1.wav,0.0
data\timit_mixed\SI1892_clean.wav,data\timit_mixed\SI1892_snr0.wav,data\noise\demo_noise.wav,0.0
data\timit_mixed\SI1761_clean.wav,data\timit_mixed\SI1761_snr-5.wav,data\noise\factory2.wav,-5.0
data\timit_mixed\SX308_clean.wav,data\timit_mixed\SX308_snr0.wav,data\noise\m109.wav,0.0
data\timit_mixed\SI2276_clean.wav,data\timit_mixed\SI2276_snr0.wav,data\noise\destroyerops.wav,0.0
data\timit_mixed\SI2054_clean.wav,data\timit_mixed\SI2054_snr0.wav,data\noise\factory1.wav,0.0
data\timit_mixed\SI1057_clean.wav,data\timit_mixed\SI1057_snr5.wav,data\noise\factory2.wav,5.0
data\timit_mixed\SI2103_clean.wav,data\timit_mixed\SI2103_snr-5.wav,data\noise\hfchannel.wav,-5.0
data\timit_mixed\SI1927_clean.wav,data\timit_mixed\SI1927_snr5.wav,data\noise\factory1.wav,5.0
data\timit_mixed\SX201_clean.wav,data\timit_mixed\SX201_snr5.wav,data\noise\factory1.wav,5.0
data\timit_mixed\SI817_clean.wav,data\timit_mixed\SI817_snr-5.wav,data\noise\volvo.wav,-5.0
data\timit_mixed\SI562_clean.wav,data\timit_mixed\SI562_snr5.wav,data\noise\factory2.wav,5.0
data\timit_mixed\SI1070_clean.wav,data\timit_mixed\SI1070_snr0.wav,data\noise\destroyerops.wav,0.0
data\timit_mixed\SI524_clean.wav,data\timit_mixed\SI524_snr10.wav,data\noise\machinegun.wav,10.0
data\timit_mixed\SI1658_clean.wav,data\timit_mixed\SI1658_snr5.wav,data\noise\machinegun.wav,5.0
data\timit_mixed\SI1651_clean.wav,data\timit_mixed\SI1651_snr10.wav,data\noise\factory1.wav,10.0
data\timit_mixed\SI511_clean.wav,data\timit_mixed\SI511_snr0.wav,data\noise\buccaneer1.wav,0.0
data\timit_mixed\SI2054_clean.wav,data\timit_mixed\SI2054_snr5.wav,data\noise\factory1.wav,5.0
data\timit_mixed\SI2301_clean.wav,data\timit_mixed\SI2301_snr10.wav,data\noise\destroyerengine.wav,10.0
data\timit_mixed\SX52_clean.wav,data\timit_mixed\SX52_snr10.wav,data\noise\leopard.wav,10.0
data\timit_mixed\SI1312_clean.wav,data\timit_mixed\SI1312_snr5.wav,data\noise\buccaneer1.wav,5.0
data\timit_mixed\SI902_clean.wav,data\timit_mixed\SI902_snr-5.wav,data\noise\leopard.wav,-5.0
data\timit_mixed\SX262_clean.wav,data\timit_mixed\SX262_snr-5.wav,data\noise\m109.wav,-5.0
data\timit_mixed\SI1536_clean.wav,data\timit_mixed\SI1536_snr0.wav,data\noise\m109.wav,0.0
data\timit_mixed\SI972_clean.wav,data\timit_mixed\SI972_snr5.wav,data\noise\f16.wav,5.0
data\timit_mixed\SI1763_clean.wav,data\timit_mixed\SI1763_snr-5.wav,data\noise\leopard.wav,-5.0
data\timit_mixed\SX259_clean.wav,data\timit_mixed\SX259_snr0.wav,data\noise\factory1.wav,0.0
data\timit_mixed\SX142_clean.wav,data\timit_mixed\SX142_snr5.wav,data\noise\destroyerengine.wav,5.0
data\timit_mixed\SI951_clean.wav,data\timit_mixed\SI951_snr5.wav,data\noise\demo_noise.wav,5.0
data\timit_mixed\SI1995_clean.wav,data\timit_mixed\SI1995_snr5.wav,data\noise\leopard.wav,5.0
data\timit_mixed\SI518_clean.wav,data\timit_mixed\SI518_snr10.wav,data\noise\factory2.wav,10.0
data\timit_mixed\SI516_clean.wav,data\timit_mixed\SI516_snr10.wav,data\noise\f16.wav,10.0
data\timit_mixed\SX336_clean.wav,data\timit_mixed\SX336_snr5.wav,data\noise\demo_noise.wav,5.0
data\timit_mixed\SI1701_clean.wav,data\timit_mixed\SI1701_snr10.wav,data\noise\buccaneer1.wav,10.0
data\timit_mixed\SI1087_clean.wav,data\timit_mixed\SI1087_snr-5.wav,data\noise\destroyerengine.wav,-5.0
data\timit_mixed\SI1783_clean.wav,data\timit_mixed\SI1783_snr5.wav,data\noise\volvo.wav,5.0
data\timit_mixed\SI956_clean.wav,data\timit_mixed\SI956_snr0.wav,data\noise\factory1.wav,0.0
data\timit_mixed\SI2287_clean.wav,data\timit_mixed\SI2287_snr5.wav,data\noise\machinegun.wav,5.0
data\timit_mixed\SI2211_clean.wav,data\timit_mixed\SI2211_snr10.wav,data\noise\demo_noise.wav,10.0
data\timit_mixed\SI2041_clean.wav,data\timit_mixed\SI2041_snr-5.wav,data\noise\leopard.wav,-5.0
data\timit_mixed\SI1941_clean.wav,data\timit_mixed\SI1941_snr5.wav,data\noise\babble.wav,5.0
data\timit_mixed\SI617_clean.wav,data\timit_mixed\SI617_snr0.wav,data\noise\demo_noise.wav,0.0
data\timit_mixed\SX424_clean.wav,data\timit_mixed\SX424_snr10.wav,data\noise\leopard.wav,10.0
data\timit_mixed\SI632_clean.wav,data\timit_mixed\SI632_snr10.wav,data\noise\buccaneer2.wav,10.0
data\timit_mixed\SI1381_clean.wav,data\timit_mixed\SI1381_snr-5.wav,data\noise\factory1.wav,-5.0
data\timit_mixed\SI1556_clean.wav,data\timit_mixed\SI1556_snr5.wav,data\noise\destroyerengine.wav,5.0
data\timit_mixed\SI1121_clean.wav,data\timit_mixed\SI1121_snr5.wav,data\noise\factory1.wav,5.0
data\timit_mixed\SX257_clean.wav,data\timit_mixed\SX257_snr5.wav,data\noise\destroyerops.wav,5.0
data\timit_mixed\SI588_clean.wav,data\timit_mixed\SI588_snr5.wav,data\noise\leopard.wav,5.0
data\timit_mixed\SI1623_clean.wav,data\timit_mixed\SI1623_snr-5.wav,data\noise\leopard.wav,-5.0
data\timit_mixed\SI538_clean.wav,data\timit_mixed\SI538_snr-5.wav,data\noise\hfchannel.wav,-5.0
data\timit_mixed\SI2250_clean.wav,data\timit_mixed\SI2250_snr5.wav,data\noise\factory1.wav,5.0
data\timit_mixed\SI1468_clean.wav,data\timit_mixed\SI1468_snr0.wav,data\noise\factory1.wav,0.0
data\timit_mixed\SI798_clean.wav,data\timit_mixed\SI798_snr-5.wav,data\noise\m109.wav,-5.0
data\timit_mixed\SI581_clean.wav,data\timit_mixed\SI581_snr10.wav,data\noise\f16.wav,10.0
data\timit_mixed\SI2333_clean.wav,data\timit_mixed\SI2333_snr-5.wav,data\noise\buccaneer2.wav,-5.0
data\timit_mixed\SI1411_clean.wav,data\timit_mixed\SI1411_snr-5.wav,data\noise\machinegun.wav,-5.0
data\timit_mixed\SI1590_clean.wav,data\timit_mixed\SI1590_snr5.wav,data\noise\leopard.wav,5.0
data\timit_mixed\SI1586_clean.wav,data\timit_mixed\SI1586_snr0.wav,data\noise\factory1.wav,0.0
data\timit_mixed\SI1098_clean.wav,data\timit_mixed\SI1098_snr-5.wav,data\noise\factory2.wav,-5.0
data\timit_mixed\SX88_clean.wav,data\timit_mixed\SX88_snr5.wav,data\noise\white.wav,5.0
data\timit_mixed\SI892_clean.wav,data\timit_mixed\SI892_snr0.wav,data\noise\buccaneer1.wav,0.0
data\timit_mixed\SI1561_clean.wav,data\timit_mixed\SI1561_snr-5.wav,data\noise\factory2.wav,-5.0
data\timit_mixed\SI1286_clean.wav,data\timit_mixed\SI1286_snr10.wav,data\noise\buccaneer2.wav,10.0
data\timit_mixed\SX241_clean.wav,data\timit_mixed\SX241_snr5.wav,data\noise\destroyerops.wav,5.0
data\timit_mixed\SI1447_clean.wav,data\timit_mixed\SI1447_snr5.wav,data\noise\machinegun.wav,5.0
data\timit_mixed\SI1413_clean.wav,data\timit_mixed\SI1413_snr10.wav,data\noise\volvo.wav,10.0
data\timit_mixed\SI1115_clean.wav,data\timit_mixed\SI1115_snr-5.wav,data\noise\buccaneer2.wav,-5.0
data\timit_mixed\SI980_clean.wav,data\timit_mixed\SI980_snr5.wav,data\noise\volvo.wav,5.0
data\timit_mixed\SI2195_clean.wav,data\timit_mixed\SI2195_snr5.wav,data\noise\hfchannel.wav,5.0
data\timit_mixed\SI864_clean.wav,data\timit_mixed\SI864_snr10.wav,data\noise\factory1.wav,10.0
data\timit_mixed\SI629_clean.wav,data\timit_mixed\SI629_snr5.wav,data\noise\white.wav,5.0
data\timit_mixed\SI1703_clean.wav,data\timit_mixed\SI1703_snr5.wav,data\noise\demo_noise.wav,5.0
data\timit_mixed\SI1498_clean.wav,data\timit_mixed\SI1498_snr5.wav,data\noise\hfchannel.wav,5.0
data\timit_mixed\SI799_clean.wav,data\timit_mixed\SI799_snr10.wav,data\noise\machinegun.wav,10.0
data\timit_mixed\SX57_clean.wav,data\timit_mixed\SX57_snr5.wav,data\noise\volvo.wav,5.0
data\timit_mixed\SX452_clean.wav,data\timit_mixed\SX452_snr0.wav,data\noise\factory1.wav,0.0
data\timit_mixed\SI1045_clean.wav,data\timit_mixed\SI1045_snr0.wav,data\noise\machinegun.wav,0.0
data\timit_mixed\SI1102_clean.wav,data\timit_mixed\SI1102_snr-5.wav,data\noise\leopard.wav,-5.0
data\timit_mixed\SI1710_clean.wav,data\timit_mixed\SI1710_snr0.wav,data\noise\leopard.wav,0.0
data\timit_mixed\SI1652_clean.wav,data\timit_mixed\SI1652_snr10.wav,data\noise\factory2.wav,10.0
data\timit_mixed\SI1025_clean.wav,data\timit_mixed\SI1025_snr5.wav,data\noise\buccaneer1.wav,5.0
data\timit_mixed\SI1065_clean.wav,data\timit_mixed\SI1065_snr-5.wav,data\noise\babble.wav,-5.0
data\timit_mixed\SX162_clean.wav,data\timit_mixed\SX162_snr10.wav,data\noise\hfchannel.wav,10.0
data\timit_mixed\SI1422_clean.wav,data\timit_mixed\SI1422_snr0.wav,data\noise\factory1.wav,0.0
data\timit_mixed\SI1187_clean.wav,data\timit_mixed\SI1187_snr-5.wav,data\noise\factory2.wav,-5.0
data\timit_mixed\SX226_clean.wav,data\timit_mixed\SX226_snr5.wav,data\noise\leopard.wav,5.0
data\timit_mixed\SI1857_clean.wav,data\timit_mixed\SI1857_snr5.wav,data\noise\babble.wav,5.0
data\timit_mixed\SI952_clean.wav,data\timit_mixed\SI952_snr0.wav,data\noise\destroyerengine.wav,0.0
data\timit_mixed\SI2135_clean.wav,data\timit_mixed\SI2135_snr5.wav,data\noise\volvo.wav,5.0
data\timit_mixed\SI1761_clean.wav,data\timit_mixed\SI1761_snr0.wav,data\noise\factory2.wav,0.0
data\timit_mixed\SX213_clean.wav,data\timit_mixed\SX213_snr5.wav,data\noise\babble.wav,5.0
data\timit_mixed\SI1761_clean.wav,data\timit_mixed\SI1761_snr5.wav,data\noise\factory2.wav,5.0
data\timit_mixed\SI1261_clean.wav,data\timit_mixed\SI1261_snr5.wav,data\noise\demo_noise.wav,5.0
data\timit_mixed\SI2155_clean.wav,data\timit_mixed\SI2155_snr-5.wav,data\noise\buccaneer1.wav,-5.0
data\timit_mixed\SI1498_clean.wav,data\timit_mixed\SI1498_snr0.wav,data\noise\hfchannel.wav,0.0
data\timit_mixed\SI566_clean.wav,data\timit_mixed\SI566_snr0.wav,data\noise\leopard.wav,0.0
data\timit_mixed\SI1975_clean.wav,data\timit_mixed\SI1975_snr-5.wav,data\noise\volvo.wav,-5.0
data\timit_mixed\SX114_clean.wav,data\timit_mixed\SX114_snr0.wav,data\noise\demo_noise.wav,0.0
data\timit_mixed\SI1086_clean.wav,data\timit_mixed\SI1086_snr0.wav,data\noise\demo_noise.wav,0.0
data\timit_mixed\SI2067_clean.wav,data\timit_mixed\SI2067_snr-5.wav,data\noise\demo_noise.wav,-5.0
data\timit_mixed\SI1517_clean.wav,data\timit_mixed\SI1517_snr0.wav,data\noise\m109.wav,0.0
data\timit_mixed\SI529_clean.wav,data\timit_mixed\SI529_snr5.wav,data\noise\buccaneer1.wav,5.0
data\timit_mixed\SI918_clean.wav,data\timit_mixed\SI918_snr5.wav,data\noise\buccaneer2.wav,5.0
data\timit_mixed\SI792_clean.wav,data\timit_mixed\SI792_snr-5.wav,data\noise\destroyerops.wav,-5.0
data\timit_mixed\SI1659_clean.wav,data\timit_mixed\SI1659_snr5.wav,data\noise\pink.wav,5.0
data\timit_mixed\SI2162_clean.wav,data\timit_mixed\SI2162_snr-5.wav,data\noise\factory2.wav,-5.0
data\timit_mixed\SX357_clean.wav,data\timit_mixed\SX357_snr5.wav,data\noise\hfchannel.wav,5.0
data\timit_mixed\SI688_clean.wav,data\timit_mixed\SI688_snr0.wav,data\noise\f16.wav,0.0
data\timit_mixed\SI1978_clean.wav,data\timit_mixed\SI1978_snr-5.wav,data\noise\buccaneer1.wav,-5.0
data\timit_mixed\SI709_clean.wav,data\timit_mixed\SI709_snr5.wav,data\noise\leopard.wav,5.0
data\timit_mixed\SI760_clean.wav,data\timit_mixed\SI760_snr5.wav,data\noise\pink.wav,5.0
data\timit_mixed\SX348_clean.wav,data\timit_mixed\SX348_snr5.wav,data\noise\white.wav,5.0
data\timit_mixed\SI2267_clean.wav,data\timit_mixed\SI2267_snr10.wav,data\noise\white.wav,10.0
data\timit_mixed\SI2145_clean.wav,data\timit_mixed\SI2145_snr10.wav,data\noise\factory2.wav,10.0
data\timit_mixed\SI813_clean.wav,data\timit_mixed\SI813_snr0.wav,data\noise\leopard.wav,0.0
data\timit_mixed\SI1769_clean.wav,data\timit_mixed\SI1769_snr5.wav,data\noise\babble.wav,5.0
data\timit_mixed\SI984_clean.wav,data\timit_mixed\SI984_snr-5.wav,data\noise\buccaneer2.wav,-5.0
data\timit_mixed\SI1770_clean.wav,data\timit_mixed\SI1770_snr-5.wav,data\noise\buccaneer1.wav,-5.0
data\timit_mixed\SI1704_clean.wav,data\timit_mixed\SI1704_snr0.wav,data\noise\destroyerengine.wav,0.0
data\timit_mixed\SI1388_clean.wav,data\timit_mixed\SI1388_snr5.wav,data\noise\machinegun.wav,5.0
data\timit_mixed\SI1152_clean.wav,data\timit_mixed\SI1152_snr-5.wav,data\noise\volvo.wav,-5.0
data\timit_mixed\SI1262_clean.wav,data\timit_mixed\SI1262_snr-5.wav,data\noise\destroyerengine.wav,-5.0
data\timit_mixed\SX125_clean.wav,data\timit_mixed\SX125_snr10.wav,data\noise\leopard.wav,10.0
data\timit_mixed\SI552_clean.wav,data\timit_mixed\SI552_snr-5.wav,data\noise\buccaneer1.wav,-5.0
data\timit_mixed\SX175_clean.wav,data\timit_mixed\SX175_snr0.wav,data\noise\factory1.wav,0.0
data\timit_mixed\SI1259_clean.wav,data\timit_mixed\SI1259_snr0.wav,data\noise\buccaneer1.wav,0.0
data\timit_mixed\SI1167_clean.wav,data\timit_mixed\SI1167_snr10.wav,data\noise\pink.wav,10.0
data\timit_mixed\SI1650_clean.wav,data\timit_mixed\SI1650_snr10.wav,data\noise\f16.wav,10.0
data\timit_mixed\SX265_clean.wav,data\timit_mixed\SX265_snr10.wav,data\noise\volvo.wav,10.0
data\timit_mixed\SI1187_clean.wav,data\timit_mixed\SI1187_snr10.wav,data\noise\factory2.wav,10.0
data\timit_mixed\SI1547_clean.wav,data\timit_mixed\SI1547_snr-5.wav,data\noise\white.wav,-5.0
data\timit_mixed\SI488_clean.wav,data\timit_mixed\SI488_snr10.wav,data\noise\buccaneer1.wav,10.0
data\timit_mixed\SI700_clean.wav,data\timit_mixed\SI700_snr10.wav,data\noise\buccaneer1.wav,10.0
data\timit_mixed\SI663_clean.wav,data\timit_mixed\SI663_snr-5.wav,data\noise\destroyerops.wav,-5.0
data\timit_mixed\SI1260_clean.wav,data\timit_mixed\SI1260_snr-5.wav,data\noise\buccaneer2.wav,-5.0
data\timit_mixed\SI1585_clean.wav,data\timit_mixed\SI1585_snr5.wav,data\noise\f16.wav,5.0
data\timit_mixed\SI1431_clean.wav,data\timit_mixed\SI1431_snr10.wav,data\noise\volvo.wav,10.0
data\timit_mixed\SI513_clean.wav,data\timit_mixed\SI513_snr-5.wav,data\noise\demo_noise.wav,-5.0
data\timit_mixed\SI1420_clean.wav,data\timit_mixed\SI1420_snr5.wav,data\noise\destroyerops.wav,5.0
data\timit_mixed\SI1107_clean.wav,data\timit_mixed\SI1107_snr5.wav,data\noise\pink.wav,5.0
data\timit_mixed\SI1522_clean.wav,data\timit_mixed\SI1522_snr10.wav,data\noise\babble.wav,10.0
data\timit_mixed\SI965_clean.wav,data\timit_mixed\SI965_snr5.wav,data\noise\babble.wav,5.0
data\timit_mixed\SI2182_clean.wav,data\timit_mixed\SI2182_snr-5.wav,data\noise\buccaneer1.wav,-5.0
data\timit_mixed\SI1839_clean.wav,data\timit_mixed\SI1839_snr5.wav,data\noise\destroyerops.wav,5.0
data\timit_mixed\SI997_clean.wav,data\timit_mixed\SI997_snr10.wav,data\noise\machinegun.wav,10.0
data\timit_mixed\SX294_clean.wav,data\timit_mixed\SX294_snr0.wav,data\noise\babble.wav,0.0
data\timit_mixed\SI1034_clean.wav,data\timit_mixed\SI1034_snr10.wav,data\noise\f16.wav,10.0
data\timit_mixed\SI1278_clean.wav,data\timit_mixed\SI1278_snr-5.wav,data\noise\volvo.wav,-5.0
data\timit_mixed\SI2324_clean.wav,data\timit_mixed\SI2324_snr0.wav,data\noise\hfchannel.wav,0.0
data\timit_mixed\SI531_clean.wav,data\timit_mixed\SI531_snr0.wav,data\noise\buccaneer2.wav,0.0
data\timit_mixed\SI2132_clean.wav,data\timit_mixed\SI2132_snr5.wav,data\noise\m109.wav,5.0
data\timit_mixed\SI1700_clean.wav,data\timit_mixed\SI1700_snr5.wav,data\noise\babble.wav,5.0
data\timit_mixed\SI848_clean.wav,data\timit_mixed\SI848_snr0.wav,data\noise\volvo.wav,0.0
data\timit_mixed\SI1800_clean.wav,data\timit_mixed\SI1800_snr10.wav,data\noise\volvo.wav,10.0
data\timit_mixed\SI1228_clean.wav,data\timit_mixed\SI1228_snr5.wav,data\noise\demo_noise.wav,5.0
data\timit_mixed\SI1913_clean.wav,data\timit_mixed\SI1913_snr-5.wav,data\noise\volvo.wav,-5.0
data\timit_mixed\SI2049_clean.wav,data\timit_mixed\SI2049_snr-5.wav,data\noise\buccaneer2.wav,-5.0
data\timit_mixed\SI684_clean.wav,data\timit_mixed\SI684_snr-5.wav,data\noise\buccaneer2.wav,-5.0
data\timit_mixed\SI1201_clean.wav,data\timit_mixed\SI1201_snr0.wav,data\noise\babble.wav,0.0
data\timit_mixed\SI534_clean.wav,data\timit_mixed\SI534_snr10.wav,data\noise\destroyerops.wav,10.0
data\timit_mixed\SI736_clean.wav,data\timit_mixed\SI736_snr10.wav,data\noise\machinegun.wav,10.0
data\timit_mixed\SX218_clean.wav,data\timit_mixed\SX218_snr10.wav,data\noise\demo_noise.wav,10.0
data\timit_mixed\SI1707_clean.wav,data\timit_mixed\SI1707_snr5.wav,data\noise\factory1.wav,5.0
data\timit_mixed\SI1210_clean.wav,data\timit_mixed\SI1210_snr10.wav,data\noise\factory2.wav,10.0
data\timit_mixed\SI2138_clean.wav,data\timit_mixed\SI2138_snr10.wav,data\noise\buccaneer1.wav,10.0
data\timit_mixed\SX158_clean.wav,data\timit_mixed\SX158_snr10.wav,data\noise\destroyerengine.wav,10.0
data\timit_mixed\SI1485_clean.wav,data\timit_mixed\SI1485_snr0.wav,data\noise\buccaneer2.wav,0.0
data\timit_mixed\SI2287_clean.wav,data\timit_mixed\SI2287_snr-5.wav,data\noise\machinegun.wav,-5.0
data\timit_mixed\SI1393_clean.wav,data\timit_mixed\SI1393_snr-5.wav,data\noise\babble.wav,-5.0
data\timit_mixed\SI624_clean.wav,data\timit_mixed\SI624_snr-5.wav,data\noise\leopard.wav,-5.0
data\timit_mixed\SI1470_clean.wav,data\timit_mixed\SI1470_snr-5.wav,data\noise\factory2.wav,-5.0
data\timit_mixed\SI1095_clean.wav,data\timit_mixed\SI1095_snr5.wav,data\noise\destroyerops.wav,5.0
data\timit_mixed\SI760_clean.wav,data\timit_mixed\SI760_snr10.wav,data\noise\pink.wav,10.0
data\timit_mixed\SI1161_clean.wav,data\timit_mixed\SI1161_snr5.wav,data\noise\factory1.wav,5.0
data\timit_mixed\SI1163_clean.wav,data\timit_mixed\SI1163_snr10.wav,data\noise\hfchannel.wav,10.0
data\timit_mixed\SI921_clean.wav,data\timit_mixed\SI921_snr5.wav,data\noise\demo_noise.wav,5.0
data\timit_mixed\SI1117_clean.wav,data\timit_mixed\SI1117_snr0.wav,data\noise\demo_noise.wav,0.0
data\timit_mixed\SI1300_clean.wav,data\timit_mixed\SI1300_snr0.wav,data\noise\machinegun.wav,0.0
data\timit_mixed\SI1816_clean.wav,data\timit_mixed\SI1816_snr-5.wav,data\noise\factory1.wav,-5.0
data\timit_mixed\SI1824_clean.wav,data\timit_mixed\SI1824_snr10.wav,data\noise\machinegun.wav,10.0
data\timit_mixed\SI1012_clean.wav,data\timit_mixed\SI1012_snr10.wav,data\noise\factory2.wav,10.0
data\timit_mixed\SX366_clean.wav,data\timit_mixed\SX366_snr5.wav,data\noise\babble.wav,5.0
data\timit_mixed\SI1945_clean.wav,data\timit_mixed\SI1945_snr10.wav,data\noise\demo_noise.wav,10.0
data\timit_mixed\SI889_clean.wav,data\timit_mixed\SI889_snr5.wav,data\noise\white.wav,5.0
data\timit_mixed\SI2160_clean.wav,data\timit_mixed\SI2160_snr-5.wav,data\noise\f16.wav,-5.0
data\timit_mixed\SI871_clean.wav,data\timit_mixed\SI871_snr5.wav,data\noise\pink.wav,5.0
data\timit_mixed\SI872_clean.wav,data\timit_mixed\SI872_snr-5.wav,data\noise\volvo.wav,-5.0
data\timit_mixed\SI952_clean.wav,data\timit_mixed\SI952_snr5.wav,data\noise\destroyerengine.wav,5.0
data\timit_mixed\SI1527_clean.wav,data\timit_mixed\SI1527_snr-5.wav,data\noise\destroyerengine.wav,-5.0
data\timit_mixed\SI2097_clean.wav,data\timit_mixed\SI2097_snr-5.wav,data\noise\destroyerops.wav,-5.0
data\timit_mixed\SI2244_clean.wav,data\timit_mixed\SI2244_snr-5.wav,data\noise\buccaneer2.wav,-5.0
data\timit_mixed\SI1080_clean.wav,data\timit_mixed\SI1080_snr0.wav,data\noise\white.wav,0.0
data\timit_mixed\SX179_clean.wav,data\timit_mixed\SX179_snr10.wav,data\noise\m109.wav,10.0
data\timit_mixed\SI1432_clean.wav,data\timit_mixed\SI1432_snr10.wav,data\noise\white.wav,10.0
data\timit_mixed\SX76_clean.wav,data\timit_mixed\SX76_snr0.wav,data\noise\demo_noise.wav,0.0
data\timit_mixed\SI1401_clean.wav,data\timit_mixed\SI1401_snr-5.wav,data\noise\demo_noise.wav,-5.0
data\timit_mixed\SX381_clean.wav,data\timit_mixed\SX381_snr10.wav,data\noise\factory2.wav,10.0
data\timit_mixed\SI573_clean.wav,data\timit_mixed\SI573_snr5.wav,data\noise\white.wav,5.0
data\timit_mixed\SI539_clean.wav,data\timit_mixed\SI539_snr5.wav,data\noise\leopard.wav,5.0
data\timit_mixed\SX105_clean.wav,data\timit_mixed\SX105_snr10.wav,data\noise\pink.wav,10.0
data\timit_mixed\SI2195_clean.wav,data\timit_mixed\SI2195_snr0.wav,data\noise\hfchannel.wav,0.0
data\timit_mixed\SX235_clean.wav,data\timit_mixed\SX235_snr5.wav,data\noise\volvo.wav,5.0
data\timit_mixed\SI1871_clean.wav,data\timit_mixed\SI1871_snr5.wav,data\noise\volvo.wav,5.0
data\timit_mixed\SI2131_clean.wav,data\timit_mixed\SI2131_snr5.wav,data\noise\leopard.wav,5.0
data\timit_mixed\SI1185_clean.wav,data\timit_mixed\SI1185_snr-5.wav,data\noise\f16.wav,-5.0
data\timit_mixed\SI718_clean.wav,data\timit_mixed\SI718_snr0.wav,data\noise\demo_noise.wav,0.0
data\timit_mixed\SI1457_clean.wav,data\timit_mixed\SI1457_snr10.wav,data\noise\white.wav,10.0
data\timit_mixed\SI1647_clean.wav,data\timit_mixed\SI1647_snr5.wav,data\noise\destroyerops.wav,5.0
data\timit_mixed\SI630_clean.wav,data\timit_mixed\SI630_snr-5.wav,data\noise\babble.wav,-5.0
data\timit_mixed\SX377_clean.wav,data\timit_mixed\SX377_snr0.wav,data\noise\destroyerops.wav,0.0
data\timit_mixed\SX430_clean.wav,data\timit_mixed\SX430_snr0.wav,data\noise\babble.wav,0.0
data\timit_mixed\SI1897_clean.wav,data\timit_mixed\SI1897_snr0.wav,data\noise\factory1.wav,0.0
data\timit_mixed\SI1023_clean.wav,data\timit_mixed\SI1023_snr0.wav,data\noise\babble.wav,0.0
data\timit_mixed\SI686_clean.wav,data\timit_mixed\SI686_snr10.wav,data\noise\destroyerengine.wav,10.0
data\timit_mixed\SI879_clean.wav,data\timit_mixed\SI879_snr-5.wav,data\noise\destroyerops.wav,-5.0
data\timit_mixed\SI1141_clean.wav,data\timit_mixed\SI1141_snr5.wav,data\noise\destroyerops.wav,5.0
data\timit_mixed\SI2198_clean.wav,data\timit_mixed\SI2198_snr5.wav,data\noise\m109.wav,5.0
data\timit_mixed\SI2044_clean.wav,data\timit_mixed\SI2044_snr5.wav,data\noise\pink.wav,5.0
data\timit_mixed\SI1401_clean.wav,data\timit_mixed\SI1401_snr5.wav,data\noise\demo_noise.wav,5.0
data\timit_mixed\SX326_clean.wav,data\timit_mixed\SX326_snr-5.wav,data\noise\factory2.wav,-5.0
data\timit_mixed\SI755_clean.wav,data\timit_mixed\SI755_snr5.wav,data\noise\hfchannel.wav,5.0
data\timit_mixed\SI1256_clean.wav,data\timit_mixed\SI1256_snr0.wav,data\noise\volvo.wav,0.0
data\timit_mixed\SX432_clean.wav,data\timit_mixed\SX432_snr5.wav,data\noise\buccaneer2.wav,5.0
data\timit_mixed\SI605_clean.wav,data\timit_mixed\SI605_snr0.wav,data\noise\factory1.wav,0.0
data\timit_mixed\SX234_clean.wav,data\timit_mixed\SX234_snr10.wav,data\noise\pink.wav,10.0
data\timit_mixed\SI1510_clean.wav,data\timit_mixed\SI1510_snr10.wav,data\noise\destroyerengine.wav,10.0
data\timit_mixed\SI1590_clean.wav,data\timit_mixed\SI1590_snr0.wav,data\noise\leopard.wav,0.0
data\timit_mixed\SI939_clean.wav,data\timit_mixed\SI939_snr5.wav,data\noise\volvo.wav,5.0
data\timit_mixed\SI2135_clean.wav,data\timit_mixed\SI2135_snr10.wav,data\noise\volvo.wav,10.0
data\timit_mixed\SI1613_clean.wav,data\timit_mixed\SI1613_snr0.wav,data\noise\babble.wav,0.0
data\timit_mixed\SI961_clean.wav,data\timit_mixed\SI961_snr5.wav,data\noise\machinegun.wav,5.0
data\timit_mixed\SI454_clean.wav,data\timit_mixed\SI454_snr10.wav,data\noise\pink.wav,10.0
data\timit_mixed\SX352_clean.wav,data\timit_mixed\SX352_snr5.wav,data\noise\destroyerengine.wav,5.0
data\timit_mixed\SI541_clean.wav,data\timit_mixed\SI541_snr5.wav,data\noise\machinegun.wav,5.0
data\timit_mixed\SI577_clean.wav,data\timit_mixed\SI577_snr10.wav,data\noise\buccaneer2.wav,10.0
data\timit_mixed\SX196_clean.wav,data\timit_mixed\SX196_snr5.wav,data\noise\destroyerengine.wav,5.0
data\timit_mixed\SI1548_clean.wav,data\timit_mixed\SI1548_snr0.wav,data\noise\babble.wav,0.0
data\timit_mixed\SX255_clean.wav,data\timit_mixed\SX255_snr5.wav,data\noise\demo_noise.wav,5.0
data\timit_mixed\SI2051_clean.wav,data\timit_mixed\SI2051_snr-5.wav,data\noise\destroyerengine.wav,-5.0
data\timit_mixed\SI807_clean.wav,data\timit_mixed\SI807_snr-5.wav,data\noise\destroyerengine.wav,-5.0
data\timit_mixed\SI2248_clean.wav,data\timit_mixed\SI2248_snr-5.wav,data\noise\destroyerops.wav,-5.0
data\timit_mixed\SI1923_clean.wav,data\timit_mixed\SI1923_snr10.wav,data\noise\destroyerops.wav,10.0
data\timit_mixed\SI1537_clean.wav,data\timit_mixed\SI1537_snr5.wav,data\noise\machinegun.wav,5.0
data\timit_mixed\SI1620_clean.wav,data\timit_mixed\SI1620_snr10.wav,data\noise\factory1.wav,10.0
data\timit_mixed\SI1883_clean.wav,data\timit_mixed\SI1883_snr5.wav,data\noise\leopard.wav,5.0
data\timit_mixed\SX85_clean.wav,data\timit_mixed\SX85_snr-5.wav,data\noise\machinegun.wav,-5.0
data\timit_mixed\SX414_clean.wav,data\timit_mixed\SX414_snr10.wav,data\noise\white.wav,10.0
data\timit_mixed\SI2072_clean.wav,data\timit_mixed\SI2072_snr10.wav,data\noise\factory2.wav,10.0
data\timit_mixed\SI785_clean.wav,data\timit_mixed\SI785_snr10.wav,data\noise\volvo.wav,10.0
data\timit_mixed\SI1113_clean.wav,data\timit_mixed\SI1113_snr-5.wav,data\noise\buccaneer1.wav,-5.0
data\timit_mixed\SI472_clean.wav,data\timit_mixed\SI472_snr-5.wav,data\noise\f16.wav,-5.0
data\timit_mixed\SI1075_clean.wav,data\timit_mixed\SI1075_snr0.wav,data\noise\leopard.wav,0.0
data\timit_mixed\SX375_clean.wav,data\timit_mixed\SX375_snr0.wav,data\noise\demo_noise.wav,0.0
data\timit_mixed\SI2198_clean.wav,data\timit_mixed\SI2198_snr-5.wav,data\noise\m109.wav,-5.0
data\timit_mixed\SI1798_clean.wav,data\timit_mixed\SI1798_snr10.wav,data\noise\machinegun.wav,10.0
data\timit_mixed\SI1512_clean.wav,data\timit_mixed\SI1512_snr10.wav,data\noise\f16.wav,10.0
data\timit_mixed\SX164_clean.wav,data\timit_mixed\SX164_snr0.wav,data\noise\m109.wav,0.0
data\timit_mixed\SI842_clean.wav,data\timit_mixed\SI842_snr10.wav,data\noise\leopard.wav,10.0
data\timit_mixed\SI1514_clean.wav,data\timit_mixed\SI1514_snr-5.wav,data\noise\factory2.wav,-5.0
data\timit_mixed\SI1414_clean.wav,data\timit_mixed\SI1414_snr5.wav,data\noise\white.wav,5.0
data\timit_mixed\SX149_clean.wav,data\timit_mixed\SX149_snr5.wav,data\noise\leopard.wav,5.0
data\timit_mixed\SI1334_clean.wav,data\timit_mixed\SI1334_snr0.wav,data\noise\f16.wav,0.0
data\timit_mixed\SX366_clean.wav,data\timit_mixed\SX366_snr-5.wav,data\noise\babble.wav,-5.0
data\timit_mixed\SI2318_clean.wav,data\timit_mixed\SI2318_snr0.wav,data\noise\demo_noise.wav,0.0
data\timit_mixed\SI468_clean.wav,data\timit_mixed\SI468_snr0.wav,data\noise\destroyerengine.wav,0.0
data\timit_mixed\SI907_clean.wav,data\timit_mixed\SI907_snr10.wav,data\noise\pink.wav,10.0
data\timit_mixed\SI491_clean.wav,data\timit_mixed\SI491_snr10.wav,data\noise\destroyerengine.wav,10.0
data\timit_mixed\SI652_clean.wav,data\timit_mixed\SI652_snr-5.wav,data\noise\machinegun.wav,-5.0
data\timit_mixed\SI2116_clean.wav,data\timit_mixed\SI2116_snr0.wav,data\noise\buccaneer1.wav,0.0
data\timit_mixed\SI2086_clean.wav,data\timit_mixed\SI2086_snr0.wav,data\noise\volvo.wav,0.0
data\timit_mixed\SI1880_clean.wav,data\timit_mixed\SI1880_snr-5.wav,data\noise\factory1.wav,-5.0
data\timit_mixed\SI1348_clean.wav,data\timit_mixed\SI1348_snr-5.wav,data\noise\destroyerengine.wav,-5.0
data\timit_mixed\SX441_clean.wav,data\timit_mixed\SX441_snr5.wav,data\noise\m109.wav,5.0
data\timit_mixed\SI1101_clean.wav,data\timit_mixed\SI1101_snr0.wav,data\noise\hfchannel.wav,0.0
data\timit_mixed\SI456_clean.wav,data\timit_mixed\SI456_snr0.wav,data\noise\volvo.wav,0.0
data\timit_mixed\SI2257_clean.wav,data\timit_mixed\SI2257_snr5.wav,data\noise\m109.wav,5.0
data\timit_mixed\SI2042_clean.wav,data\timit_mixed\SI2042_snr10.wav,data\noise\m109.wav,10.0
data\timit_mixed\SI2271_clean.wav,data\timit_mixed\SI2271_snr10.wav,data\noise\buccaneer2.wav,10.0
data\timit_mixed\SI1513_clean.wav,data\timit_mixed\SI1513_snr-5.wav,data\noise\factory1.wav,-5.0
data\timit_mixed\SI1254_clean.wav,data\timit_mixed\SI1254_snr5.wav,data\noise\machinegun.wav,5.0
data\timit_mixed\SX153_clean.wav,data\timit_mixed\SX153_snr0.wav,data\noise\white.wav,0.0
data\timit_mixed\SX106_clean.wav,data\timit_mixed\SX106_snr5.wav,data\noise\volvo.wav,5.0
data\timit_mixed\SI2134_clean.wav,data\timit_mixed\SI2134_snr10.wav,data\noise\pink.wav,10.0
data\timit_mixed\SI2178_clean.wav,data\timit_mixed\SI2178_snr-5.wav,data\noise\white.wav,-5.0
data\timit_mixed\SI1117_clean.wav,data\timit_mixed\SI1117_snr-5.wav,data\noise\demo_noise.wav,-5.0
data\timit_mixed\SX74_clean.wav,data\timit_mixed\SX74_snr-5.wav,data\noise\buccaneer1.wav,-5.0
data\timit_mixed\SX221_clean.wav,data\timit_mixed\SX221_snr0.wav,data\noise\factory1.wav,0.0
data\timit_mixed\SX248_clean.wav,data\timit_mixed\SX248_snr-5.wav,data\noise\machinegun.wav,-5.0
data\timit_mixed\SI578_clean.wav,data\timit_mixed\SI578_snr10.wav,data\noise\demo_noise.wav,10.0
data\timit_mixed\SI1869_clean.wav,data\timit_mixed\SI1869_snr5.wav,data\noise\machinegun.wav,5.0
data\timit_mixed\SI1232_clean.wav,data\timit_mixed\SI1232_snr-5.wav,data\noise\f16.wav,-5.0
data\timit_mixed\SI480_clean.wav,data\timit_mixed\SI480_snr5.wav,data\noise\leopard.wav,5.0
data\timit_mixed\SI481_clean.wav,data\timit_mixed\SI481_snr0.wav,data\noise\m109.wav,0.0
data\timit_mixed\SI482_clean.wav,data\timit_mixed\SI482_snr10.wav,data\noise\machinegun.wav,10.0
data\timit_mixed\SI1835_clean.wav,data\timit_mixed\SI1835_snr-5.wav,data\noise\buccaneer2.wav,-5.0
data\timit_mixed\SX238_clean.wav,data\timit_mixed\SX238_snr10.wav,data\noise\buccaneer1.wav,10.0
data\timit_mixed\SI1465_clean.wav,data\timit_mixed\SI1465_snr10.wav,data\noise\destroyerengine.wav,10.0
data\timit_mixed\SI742_clean.wav,data\timit_mixed\SI742_snr-5.wav,data\noise\babble.wav,-5.0
data\timit_mixed\SX343_clean.wav,data\timit_mixed\SX343_snr-5.wav,data\noise\leopard.wav,-5.0
data\timit_mixed\SI1521_clean.wav,data\timit_mixed\SI1521_snr0.wav,data\noise\white.wav,0.0
data\timit_mixed\SI1048_clean.wav,data\timit_mixed\SI1048_snr-5.wav,data\noise\white.wav,-5.0
data\timit_mixed\SX356_clean.wav,data\timit_mixed\SX356_snr10.wav,data\noise\factory2.wav,10.0
data\timit_mixed\SI1007_clean.wav,data\timit_mixed\SI1007_snr-5.wav,data\noise\destroyerops.wav,-5.0
data\timit_mixed\SI1122_clean.wav,data\timit_mixed\SI1122_snr-5.wav,data\noise\factory2.wav,-5.0
data\timit_mixed\SI562_clean.wav,data\timit_mixed\SI562_snr0.wav,data\noise\factory2.wav,0.0
data\timit_mixed\SX163_clean.wav,data\timit_mixed\SX163_snr0.wav,data\noise\leopard.wav,0.0
data\timit_mixed\SX386_clean.wav,data\timit_mixed\SX386_snr-5.wav,data\noise\m109.wav,-5.0
data\timit_mixed\SX414_clean.wav,data\timit_mixed\SX414_snr-5.wav,data\noise\white.wav,-5.0
data\timit_mixed\SI1557_clean.wav,data\timit_mixed\SI1557_snr5.wav,data\noise\destroyerops.wav,5.0
data\timit_mixed\SI671_clean.wav,data\timit_mixed\SI671_snr10.wav,data\noise\m109.wav,10.0
data\timit_mixed\SI1503_clean.wav,data\timit_mixed\SI1503_snr-5.wav,data\noise\pink.wav,-5.0
data\timit_mixed\SI1177_clean.wav,data\timit_mixed\SI1177_snr-5.wav,data\noise\destroyerops.wav,-5.0
data\timit_mixed\SI2212_clean.wav,data\timit_mixed\SI2212_snr-5.wav,data\noise\destroyerengine.wav,-5.0
data\timit_mixed\SI1317_clean.wav,data\timit_mixed\SI1317_snr0.wav,data\noise\f16.wav,0.0
data\timit_mixed\SI1455_clean.wav,data\timit_mixed\SI1455_snr0.wav,data\noise\pink.wav,0.0
data\timit_mixed\SI1601_clean.wav,data\timit_mixed\SI1601_snr-5.wav,data\noise\destroyerops.wav,-5.0
data\timit_mixed\SI930_clean.wav,data\timit_mixed\SI930_snr10.wav,data\noise\factory2.wav,10.0
data\timit_mixed\SI1701_clean.wav,data\timit_mixed\SI1701_snr5.wav,data\noise\buccaneer1.wav,5.0
data\timit_mixed\SI1047_clean.wav,data\timit_mixed\SI1047_snr5.wav,data\noise\volvo.wav,5.0
data\timit_mixed\SI1117_clean.wav,data\timit_mixed\SI1117_snr5.wav,data\noise\demo_noise.wav,5.0
data\timit_mixed\SI1067_clean.wav,data\timit_mixed\SI1067_snr5.wav,data\noise\buccaneer2.wav,5.0
data\timit_mixed\SI2332_clean.wav,data\timit_mixed\SI2332_snr-5.wav,data\noise\buccaneer1.wav,-5.0
data\timit_mixed\SI2036_clean.wav,data\timit_mixed\SI2036_snr-5.wav,data\noise\destroyerops.wav,-5.0
data\timit_mixed\SI930_clean.wav,data\timit_mixed\SI930_snr5.wav,data\noise\factory2.wav,5.0
data\timit_mixed\SI578_clean.wav,data\timit_mixed\SI578_snr5.wav,data\noise\demo_noise.wav,5.0
data\timit_mixed\SI1600_clean.wav,data\timit_mixed\SI1600_snr0.wav,data\noise\destroyerengine.wav,0.0
data\timit_mixed\SX430_clean.wav,data\timit_mixed\SX430_snr-5.wav,data\noise\babble.wav,-5.0
data\timit_mixed\SX302_clean.wav,data\timit_mixed\SX302_snr10.wav,data\noise\factory1.wav,10.0
data\timit_mixed\SI2048_clean.wav,data\timit_mixed\SI2048_snr10.wav,data\noise\buccaneer1.wav,10.0
data\timit_mixed\SI1293_clean.wav,data\timit_mixed\SI1293_snr10.wav,data\noise\factory1.wav,10.0
data\timit_mixed\SX366_clean.wav,data\timit_mixed\SX366_snr10.wav,data\noise\babble.wav,10.0
data\timit_mixed\SX62_clean.wav,data\timit_mixed\SX62_snr10.wav,data\noise\destroyerengine.wav,10.0
data\timit_mixed\SX60_clean.wav,data\timit_mixed\SX60_snr0.wav,data\noise\buccaneer2.wav,0.0
data\timit_mixed\SI881_clean.wav,data\timit_mixed\SI881_snr-5.wav,data\noise\factory1.wav,-5.0
data\timit_mixed\SI2091_clean.wav,data\timit_mixed\SI2091_snr-5.wav,data\noise\buccaneer1.wav,-5.0
data\timit_mixed\SI984_clean.wav,data\timit_mixed\SI984_snr0.wav,data\noise\buccaneer2.wav,0.0
data\timit_mixed\SI1806_clean.wav,data\timit_mixed\SI1806_snr10.wav,data\noise\destroyerengine.wav,10.0
data\timit_mixed\SX257_clean.wav,data\timit_mixed\SX257_snr-5.wav,data\noise\destroyerops.wav,-5.0
data\timit_mixed\SI1765_clean.wav,data\timit_mixed\SI1765_snr10.wav,data\noise\machinegun.wav,10.0
data\timit_mixed\SX432_clean.wav,data\timit_mixed\SX432_snr10.wav,data\noise\buccaneer2.wav,10.0
data\timit_mixed\SI1728_clean.wav,data\timit_mixed\SI1728_snr0.wav,data\noise\destroyerengine.wav,0.0
data\timit_mixed\SX405_clean.wav,data\timit_mixed\SX405_snr0.wav,data\noise\leopard.wav,0.0
data\timit_mixed\SI1852_clean.wav,data\timit_mixed\SI1852_snr5.wav,data\noise\machinegun.wav,5.0
data\timit_mixed\SI986_clean.wav,data\timit_mixed\SI986_snr5.wav,data\noise\destroyerengine.wav,5.0
data\timit_mixed\SI1756_clean.wav,data\timit_mixed\SI1756_snr-5.wav,data\noise\f16.wav,-5.0
data\timit_mixed\SI2342_clean.wav,data\timit_mixed\SI2342_snr0.wav,data\noise\m109.wav,0.0
data\timit_mixed\SX220_clean.wav,data\timit_mixed\SX220_snr-5.wav,data\noise\f16.wav,-5.0
data\timit_mixed\SI900_clean.wav,data\timit_mixed\SI900_snr0.wav,data\noise\factory2.wav,0.0
data\timit_mixed\SX232_clean.wav,data\timit_mixed\SX232_snr10.wav,data\noise\machinegun.wav,10.0
data\timit_mixed\SI2018_clean.wav,data\timit_mixed\SI2018_snr0.wav,data\noise\leopard.wav,0.0
data\timit_mixed\SI580_clean.wav,data\timit_mixed\SI580_snr5.wav,data\noise\destroyerops.wav,5.0
data\timit_mixed\SI877_clean.wav,data\timit_mixed\SI877_snr0.wav,data\noise\demo_noise.wav,0.0
data\timit_mixed\SI1617_clean.wav,data\timit_mixed\SI1617_snr10.wav,data\noise\destroyerengine.wav,10.0
data\timit_mixed\SI2232_clean.wav,data\timit_mixed\SI2232_snr5.wav,data\noise\f16.wav,5.0
data\timit_mixed\SI1999_clean.wav,data\timit_mixed\SI1999_snr10.wav,data\noise\volvo.wav,10.0
data\timit_mixed\SI2161_clean.wav,data\timit_mixed\SI2161_snr5.wav,data\noise\factory1.wav,5.0
data\timit_mixed\SI1944_clean.wav,data\timit_mixed\SI1944_snr5.wav,data\noise\buccaneer2.wav,5.0
data\timit_mixed\SI2108_clean.wav,data\timit_mixed\SI2108_snr5.wav,data\noise\m109.wav,5.0
data\timit_mixed\SI1163_clean.wav,data\timit_mixed\SI1163_snr0.wav,data\noise\hfchannel.wav,0.0
data\timit_mixed\SI1710_clean.wav,data\timit_mixed\SI1710_snr5.wav,data\noise\leopard.wav,5.0
data\timit_mixed\SI1135_clean.wav,data\timit_mixed\SI1135_snr10.wav,data\noise\white.wav,10.0
data\timit_mixed\SI712_clean.wav,data\timit_mixed\SI712_snr0.wav,data\noise\pink.wav,0.0
data\timit_mixed\SX54_clean.wav,data\timit_mixed\SX54_snr-5.wav,data\noise\m109.wav,-5.0
data\timit_mixed\SX24_clean.wav,data\timit_mixed\SX24_snr5.wav,data\noise\demo_noise.wav,5.0
data\timit_mixed\SI1724_clean.wav,data\timit_mixed\SI1724_snr5.wav,data\noise\babble.wav,5.0
data\timit_mixed\SI1804_clean.wav,data\timit_mixed\SI1804_snr-5.wav,data\noise\buccaneer2.wav,-5.0
data\timit_mixed\SX347_clean.wav,data\timit_mixed\SX347_snr5.wav,data\noise\volvo.wav,5.0
data\timit_mixed\SI578_clean.wav,data\timit_mixed\SI578_snr-5.wav,data\noise\demo_noise.wav,-5.0
data\timit_mixed\SX415_clean.wav,data\timit_mixed\SX415_snr10.wav,data\noise\babble.wav,10.0
data\timit_mixed\SI1931_clean.wav,data\timit_mixed\SI1931_snr0.wav,data\noise\m109.wav,0.0
data\timit_mixed\SI1322_clean.wav,data\timit_mixed\SI1322_snr5.wav,data\noise\m109.wav,5.0
data\timit_mixed\SI917_clean.wav,data\timit_mixed\SI917_snr10.wav,data\noise\buccaneer1.wav,10.0
data\timit_mixed\SI1078_clean.wav,data\timit_mixed\SI1078_snr5.wav,data\noise\pink.wav,5.0
data\timit_mixed\SI1321_clean.wav,data\timit_mixed\SI1321_snr-5.wav,data\noise\leopard.wav,-5.0
data\timit_mixed\SI621_clean.wav,data\timit_mixed\SI621_snr10.wav,data\noise\factory1.wav,10.0
data\timit_mixed\SX114_clean.wav,data\timit_mixed\SX114_snr5.wav,data\noise\demo_noise.wav,5.0
data\timit_mixed\SI1407_clean.wav,data\timit_mixed\SI1407_snr10.wav,data\noise\factory2.wav,10.0
data\timit_mixed\SI1571_clean.wav,data\timit_mixed\SI1571_snr5.wav,data\noise\babble.wav,5.0
data\timit_mixed\SX179_clean.wav,data\timit_mixed\SX179_snr-5.wav,data\noise\m109.wav,-5.0
data\timit_mixed\SX22_clean.wav,data\timit_mixed\SX22_snr10.wav,data\noise\destroyerops.wav,10.0
data\timit_mixed\SI1295_clean.wav,data\timit_mixed\SI1295_snr5.wav,data\noise\factory2.wav,5.0
data\timit_mixed\SX171_clean.wav,data\timit_mixed\SX171_snr10.wav,data\noise\demo_noise.wav,10.0
data\timit_mixed\SI1647_clean.wav,data\timit_mixed\SI1647_snr10.wav,data\noise\destroyerops.wav,10.0
data\timit_mixed\SI538_clean.wav,data\timit_mixed\SI538_snr10.wav,data\noise\hfchannel.wav,10.0
data\timit_mixed\SI1419_clean.wav,data\timit_mixed\SI1419_snr5.wav,data\noise\destroyerengine.wav,5.0
data\timit_mixed\SI1725_clean.wav,data\timit_mixed\SI1725_snr10.wav,data\noise\buccaneer1.wav,10.0
data\timit_mixed\SI1867_clean.wav,data\timit_mixed\SI1867_snr5.wav,data\noise\leopard.wav,5.0
data\timit_mixed\SX159_clean.wav,data\timit_mixed\SX159_snr5.wav,data\noise\destroyerops.wav,5.0
data\timit_mixed\SI1863_clean.wav,data\timit_mixed\SI1863_snr0.wav,data\noise\f16.wav,0.0
data\timit_mixed\SI1339_clean.wav,data\timit_mixed\SI1339_snr0.wav,data\noise\m109.wav,0.0
data\timit_mixed\SI1793_clean.wav,data\timit_mixed\SI1793_snr-5.wav,data\noise\factory1.wav,-5.0
data\timit_mixed\SX6_clean.wav,data\timit_mixed\SX6_snr10.wav,data\noise\buccaneer1.wav,10.0
data\timit_mixed\SI1944_clean.wav,data\timit_mixed\SI1944_snr-5.wav,data\noise\buccaneer2.wav,-5.0
data\timit_mixed\SX341_clean.wav,data\timit_mixed\SX341_snr5.wav,data\noise\factory2.wav,5.0
data\timit_mixed\SI1393_clean.wav,data\timit_mixed\SI1393_snr10.wav,data\noise\babble.wav,10.0
data\timit_mixed\SI1032_clean.wav,data\timit_mixed\SI1032_snr5.wav,data\noise\destroyerops.wav,5.0
data\timit_mixed\SX310_clean.wav,data\timit_mixed\SX310_snr-5.wav,data\noise\volvo.wav,-5.0
data\timit_mixed\SI1491_clean.wav,data\timit_mixed\SI1491_snr-5.wav,data\noise\destroyerengine.wav,-5.0
data\timit_mixed\SI1340_clean.wav,data\timit_mixed\SI1340_snr-5.wav,data\noise\machinegun.wav,-5.0
data\timit_mixed\SX286_clean.wav,data\timit_mixed\SX286_snr5.wav,data\noise\m109.wav,5.0
data\timit_mixed\SI744_clean.wav,data\timit_mixed\SI744_snr10.wav,data\noise\buccaneer1.wav,10.0
data\timit_mixed\SI1404_clean.wav,data\timit_mixed\SI1404_snr10.wav,data\noise\destroyerops.wav,10.0
data\timit_mixed\SI2046_clean.wav,data\timit_mixed\SI2046_snr-5.wav,data\noise\white.wav,-5.0
data\timit_mixed\SI1248_clean.wav,data\timit_mixed\SI1248_snr0.wav,data\noise\f16.wav,0.0
data\timit_mixed\SI1169_clean.wav,data\timit_mixed\SI1169_snr10.wav,data\noise\white.wav,10.0
data\timit_mixed\SI2310_clean.wav,data\timit_mixed\SI2310_snr5.wav,data\noise\machinegun.wav,5.0
data\timit_mixed\SI1440_clean.wav,data\timit_mixed\SI1440_snr10.wav,data\noise\factory1.wav,10.0
data\timit_mixed\SI570_clean.wav,data\timit_mixed\SI570_snr10.wav,data\noise\machinegun.wav,10.0
data\timit_mixed\SI2190_clean.wav,data\timit_mixed\SI2190_snr-5.wav,data\noise\destroyerops.wav,-5.0
data\timit_mixed\SI695_clean.wav,data\timit_mixed\SI695_snr10.wav,data\noise\machinegun.wav,10.0
data\timit_mixed\SI495_clean.wav,data\timit_mixed\SI495_snr10.wav,data\noise\f16.wav,10.0
data\timit_mixed\SI761_clean.wav,data\timit_mixed\SI761_snr-5.wav,data\noise\volvo.wav,-5.0
data\timit_mixed\SI2314_clean.wav,data\timit_mixed\SI2314_snr5.wav,data\noise\white.wav,5.0
data\timit_mixed\SI1748_clean.wav,data\timit_mixed\SI1748_snr5.wav,data\noise\buccaneer1.wav,5.0
data\timit_mixed\SI2338_clean.wav,data\timit_mixed\SI2338_snr5.wav,data\noise\factory1.wav,5.0
data\timit_mixed\SI792_clean.wav,data\timit_mixed\SI792_snr10.wav,data\noise\destroyerops.wav,10.0
data\timit_mixed\SI1611_clean.wav,data\timit_mixed\SI1611_snr-5.wav,data\noise\volvo.wav,-5.0
data\timit_mixed\SX425_clean.wav,data\timit_mixed\SX425_snr5.wav,data\noise\m109.wav,5.0
data\timit_mixed\SI619_clean.wav,data\timit_mixed\SI619_snr5.wav,data\noise\destroyerops.wav,5.0
data\timit_mixed\SI2031_clean.wav,data\timit_mixed\SI2031_snr-5.wav,data\noise\buccaneer1.wav,-5.0
data\timit_mixed\SX177_clean.wav,data\timit_mixed\SX177_snr-5.wav,data\noise\hfchannel.wav,-5.0
data\timit_mixed\SX88_clean.wav,data\timit_mixed\SX88_snr0.wav,data\noise\white.wav,0.0
data\timit_mixed\SI2147_clean.wav,data\timit_mixed\SI2147_snr-5.wav,data\noise\leopard.wav,-5.0
data\timit_mixed\SI1241_clean.wav,data\timit_mixed\SI1241_snr-5.wav,data\noise\white.wav,-5.0
data\timit_mixed\SI1891_clean.wav,data\timit_mixed\SI1891_snr10.wav,data\noise\buccaneer2.wav,10.0
data\timit_mixed\SI2225_clean.wav,data\timit_mixed\SI2225_snr-5.wav,data\noise\white.wav,-5.0
data\timit_mixed\SI1205_clean.wav,data\timit_mixed\SI1205_snr-5.wav,data\noise\demo_noise.wav,-5.0
data\timit_mixed\SI1954_clean.wav,data\timit_mixed\SI1954_snr-5.wav,data\noise\m109.wav,-5.0
data\timit_mixed\SI1498_clean.wav,data\timit_mixed\SI1498_snr10.wav,data\noise\hfchannel.wav,10.0
data\timit_mixed\SI1784_clean.wav,data\timit_mixed\SI1784_snr10.wav,data\noise\white.wav,10.0
data\timit_mixed\SI1852_clean.wav,data\timit_mixed\SI1852_snr0.wav,data\noise\machinegun.wav,0.0
data\timit_mixed\SI1492_clean.wav,data\timit_mixed\SI1492_snr10.wav,data\noise\destroyerops.wav,10.0
data\timit_mixed\SI592_clean.wav,data\timit_mixed\SI592_snr0.wav,data\noise\pink.wav,0.0
data\timit_mixed\SI1287_clean.wav,data\timit_mixed\SI1287_snr-5.wav,data\noise\demo_noise.wav,-5.0
data\timit_mixed\SI2021_clean.wav,data\timit_mixed\SI2021_snr5.wav,data\noise\pink.wav,5.0
data\timit_mixed\SX437_clean.wav,data\timit_mixed\SX437_snr10.wav,data\noise\factory1.wav,10.0
data\timit_mixed\SI1154_clean.wav,data\timit_mixed\SI1154_snr10.wav,data\noise\babble.wav,10.0
data\timit_mixed\SI1261_clean.wav,data\timit_mixed\SI1261_snr10.wav,data\noise\demo_noise.wav,10.0
data\timit_mixed\SI1051_clean.wav,data\timit_mixed\SI1051_snr5.wav,data\noise\buccaneer2.wav,5.0
data\timit_mixed\SI945_clean.wav,data\timit_mixed\SI945_snr-5.wav,data\noise\buccaneer1.wav,-5.0
data\timit_mixed\SI1076_clean.wav,data\timit_mixed\SI1076_snr5.wav,data\noise\m109.wav,5.0
data\timit_mixed\SX108_clean.wav,data\timit_mixed\SX108_snr5.wav,data\noise\babble.wav,5.0
data\timit_mixed\SI2088_clean.wav,data\timit_mixed\SI2088_snr-5.wav,data\noise\babble.wav,-5.0
data\timit_mixed\SI861_clean.wav,data\timit_mixed\SI861_snr10.wav,data\noise\destroyerops.wav,10.0
data\timit_mixed\SI1321_clean.wav,data\timit_mixed\SI1321_snr10.wav,data\noise\leopard.wav,10.0
data\timit_mixed\SI880_clean.wav,data\timit_mixed\SI880_snr-5.wav,data\noise\f16.wav,-5.0
data\timit_mixed\SI922_clean.wav,data\timit_mixed\SI922_snr5.wav,data\noise\destroyerengine.wav,5.0
data\timit_mixed\SI1427_clean.wav,data\timit_mixed\SI1427_snr5.wav,data\noise\leopard.wav,5.0
data\timit_mixed\SX423_clean.wav,data\timit_mixed\SX423_snr-5.wav,data\noise\hfchannel.wav,-5.0
data\timit_mixed\SI806_clean.wav,data\timit_mixed\SI806_snr-5.wav,data\noise\demo_noise.wav,-5.0
data\timit_mixed\SI689_clean.wav,data\timit_mixed\SI689_snr5.wav,data\noise\factory1.wav,5.0
data\timit_mixed\SI1170_clean.wav,data\timit_mixed\SI1170_snr-5.wav,data\noise\babble.wav,-5.0
data\timit_mixed\SX321_clean.wav,data\timit_mixed\SX321_snr5.wav,data\noise\destroyerengine.wav,5.0
data\timit_mixed\SI1713_clean.wav,data\timit_mixed\SI1713_snr0.wav,data\noise\pink.wav,0.0
data\timit_mixed\SX222_clean.wav,data\timit_mixed\SX222_snr10.wav,data\noise\factory2.wav,10.0
data\timit_mixed\SI1964_clean.wav,data\timit_mixed\SI1964_snr-5.wav,data\noise\destroyerengine.wav,-5.0
data\timit_mixed\SI1802_clean.wav,data\timit_mixed\SI1802_snr-5.wav,data\noise\babble.wav,-5.0
data\timit_mixed\SI495_clean.wav,data\timit_mixed\SI495_snr-5.wav,data\noise\f16.wav,-5.0
data\timit_mixed\SI753_clean.wav,data\timit_mixed\SI753_snr0.wav,data\noise\factory2.wav,0.0
data\timit_mixed\SI1572_clean.wav,data\timit_mixed\SI1572_snr-5.wav,data\noise\buccaneer1.wav,-5.0
data\timit_mixed\SI1391_clean.wav,data\timit_mixed\SI1391_snr-5.wav,data\noise\volvo.wav,-5.0
data\timit_mixed\SI1717_clean.wav,data\timit_mixed\SI1717_snr5.wav,data\noise\volvo.wav,5.0
data\timit_mixed\SX213_clean.wav,data\timit_mixed\SX213_snr0.wav,data\noise\babble.wav,0.0
data\timit_mixed\SI1282_clean.wav,data\timit_mixed\SI1282_snr0.wav,data\noise\babble.wav,0.0
data\timit_mixed\SI655_clean.wav,data\timit_mixed\SI655_snr-5.wav,data\noise\volvo.wav,-5.0
data\timit_mixed\SX331_clean.wav,data\timit_mixed\SX331_snr-5.wav,data\noise\volvo.wav,-5.0
data\timit_mixed\SI1737_clean.wav,data\timit_mixed\SI1737_snr10.wav,data\noise\hfchannel.wav,10.0
data\timit_mixed\SI2330_clean.wav,data\timit_mixed\SI2330_snr5.wav,data\noise\white.wav,5.0
data\timit_mixed\SI831_clean.wav,data\timit_mixed\SI831_snr10.wav,data\noise\demo_noise.wav,10.0
data\timit_mixed\SI707_clean.wav,data\timit_mixed\SI707_snr0.wav,data\noise\factory2.wav,0.0
data\timit_mixed\SI1475_clean.wav,data\timit_mixed\SI1475_snr-5.wav,data\noise\m109.wav,-5.0
data\timit_mixed\SI1741_clean.wav,data\timit_mixed\SI1741_snr-5.wav,data\noise\machinegun.wav,-5.0
data\timit_mixed\SI1525_clean.wav,data\timit_mixed\SI1525_snr10.wav,data\noise\buccaneer2.wav,10.0
data\timit_mixed\SI691_clean.wav,data\timit_mixed\SI691_snr5.wav,data\noise\factory2.wav,5.0
data\timit_mixed\SI1997_clean.wav,data\timit_mixed\SI1997_snr5.wav,data\noise\machinegun.wav,5.0
data\timit_mixed\SI2212_clean.wav,data\timit_mixed\SI2212_snr5.wav,data\noise\destroyerengine.wav,5.0
data\timit_mixed\SI962_clean.wav,data\timit_mixed\SI962_snr0.wav,data\noise\pink.wav,0.0
data\timit_mixed\SI874_clean.wav,data\timit_mixed\SI874_snr-5.wav,data\noise\babble.wav,-5.0
data\timit_mixed\SI1063_clean.wav,data\timit_mixed\SI1063_snr-5.wav,data\noise\volvo.wav,-5.0
data\timit_mixed\SI1693_clean.wav,data\timit_mixed\SI1693_snr5.wav,data\noise\hfchannel.wav,5.0
data\timit_mixed\SI1011_clean.wav,data\timit_mixed\SI1011_snr10.wav,data\noise\factory1.wav,10.0
data\timit_mixed\SX31_clean.wav,data\timit_mixed\SX31_snr5.wav,data\noise\pink.wav,5.0
data\timit_mixed\SI2218_clean.wav,data\timit_mixed\SI2218_snr5.wav,data\noise\hfchannel.wav,5.0
data\timit_mixed\SI623_clean.wav,data\timit_mixed\SI623_snr5.wav,data\noise\hfchannel.wav,5.0
data\timit_mixed\SI1568_clean.wav,data\timit_mixed\SI1568_snr5.wav,data\noise\pink.wav,5.0
data\timit_mixed\SI1246_clean.wav,data\timit_mixed\SI1246_snr10.wav,data\noise\destroyerengine.wav,10.0
data\timit_mixed\SI620_clean.wav,data\timit_mixed\SI620_snr10.wav,data\noise\f16.wav,10.0
data\timit_mixed\SI852_clean.wav,data\timit_mixed\SI852_snr-5.wav,data\noise\buccaneer2.wav,-5.0
data\timit_mixed\SX181_clean.wav,data\timit_mixed\SX181_snr0.wav,data\noise\volvo.wav,0.0
data\timit_mixed\SI1481_clean.wav,data\timit_mixed\SI1481_snr10.wav,data\noise\babble.wav,10.0
data\timit_mixed\SI871_clean.wav,data\timit_mixed\SI871_snr-5.wav,data\noise\pink.wav,-5.0
data\timit_mixed\SI1509_clean.wav,data\timit_mixed\SI1509_snr10.wav,data\noise\demo_noise.wav,10.0
data\timit_mixed\SI1641_clean.wav,data\timit_mixed\SI1641_snr-5.wav,data\noise\buccaneer1.wav,-5.0
data\timit_mixed\SI1782_clean.wav,data\timit_mixed\SI1782_snr5.wav,data\noise\pink.wav,5.0
data\timit_mixed\SI812_clean.wav,data\timit_mixed\SI812_snr0.wav,data\noise\hfchannel.wav,0.0
data\timit_mixed\SI1957_clean.wav,data\timit_mixed\SI1957_snr0.wav,data\noise\volvo.wav,0.0
data\timit_mixed\SI918_clean.wav,data\timit_mixed\SI918_snr0.wav,data\noise\buccaneer2.wav,0.0
data\timit_mixed\SI814_clean.wav,data\timit_mixed\SI814_snr-5.wav,data\noise\m109.wav,-5.0
data\timit_mixed\SI2088_clean.wav,data\timit_mixed\SI2088_snr10.wav,data\noise\babble.wav,10.0
data\timit_mixed\SI559_clean.wav,data\timit_mixed\SI559_snr-5.wav,data\noise\f16.wav,-5.0
data\timit_mixed\SI1911_clean.wav,data\timit_mixed\SI1911_snr10.wav,data\noise\machinegun.wav,10.0
data\timit_mixed\SI2061_clean.wav,data\timit_mixed\SI2061_snr0.wav,data\noise\volvo.wav,0.0
data\timit_mixed\SI993_clean.wav,data\timit_mixed\SI993_snr-5.wav,data\noise\leopard.wav,-5.0
data\timit_mixed\SI1518_clean.wav,data\timit_mixed\SI1518_snr0.wav,data\noise\machinegun.wav,0.0
data\timit_mixed\SI1311_clean.wav,data\timit_mixed\SI1311_snr10.wav,data\noise\babble.wav,10.0
data\timit_mixed\SI970_clean.wav,data\timit_mixed\SI970_snr5.wav,data\noise\destroyerengine.wav,5.0
data\timit_mixed\SI1986_clean.wav,data\timit_mixed\SI1986_snr0.wav,data\noise\factory1.wav,0.0
data\timit_mixed\SI1046_clean.wav,data\timit_mixed\SI1046_snr0.wav,data\noise\pink.wav,0.0
data\timit_mixed\SX321_clean.wav,data\timit_mixed\SX321_snr0.wav,data\noise\destroyerengine.wav,0.0
data\timit_mixed\SX353_clean.wav,data\timit_mixed\SX353_snr5.wav,data\noise\destroyerops.wav,5.0
data\timit_mixed\SI968_clean.wav,data\timit_mixed\SI968_snr10.wav,data\noise\buccaneer2.wav,10.0
data\timit_mixed\SI2311_clean.wav,data\timit_mixed\SI2311_snr0.wav,data\noise\pink.wav,0.0
data\timit_mixed\SI2266_clean.wav,data\timit_mixed\SI2266_snr5.wav,data\noise\volvo.wav,5.0
data\timit_mixed\SI2205_clean.wav,data\timit_mixed\SI2205_snr5.wav,data\noise\babble.wav,5.0
data\timit_mixed\SX83_clean.wav,data\timit_mixed\SX83_snr5.wav,data\noise\leopard.wav,5.0
data\timit_mixed\SI1998_clean.wav,data\timit_mixed\SI1998_snr0.wav,data\noise\pink.wav,0.0
data\timit_mixed\SI720_clean.wav,data\timit_mixed\SI720_snr0.wav,data\noise\destroyerops.wav,0.0
data\timit_mixed\SI1049_clean.wav,data\timit_mixed\SI1049_snr10.wav,data\noise\babble.wav,10.0
data\timit_mixed\SX136_clean.wav,data\timit_mixed\SX136_snr-5.wav,data\noise\buccaneer2.wav,-5.0
data\timit_mixed\SI1805_clean.wav,data\timit_mixed\SI1805_snr0.wav,data\noise\demo_noise.wav,0.0
data\timit_mixed\SI1693_clean.wav,data\timit_mixed\SI1693_snr0.wav,data\noise\hfchannel.wav,0.0
data\timit_mixed\SI1466_clean.wav,data\timit_mixed\SI1466_snr-5.wav,data\noise\destroyerops.wav,-5.0
data\timit_mixed\SI723_clean.wav,data\timit_mixed\SI723_snr0.wav,data\noise\factory2.wav,0.0
data\timit_mixed\SX30_clean.wav,data\timit_mixed\SX30_snr5.wav,data\noise\destroyerengine.wav,5.0
data\timit_mixed\SX92_clean.wav,data\timit_mixed\SX92_snr10.wav,data\noise\demo_noise.wav,10.0
data\timit_mixed\SI766_clean.wav,data\timit_mixed\SI766_snr10.wav,data\noise\buccaneer1.wav,10.0
data\timit_mixed\SI1562_clean.wav,data\timit_mixed\SI1562_snr0.wav,data\noise\hfchannel.wav,0.0
data\timit_mixed\SI1965_clean.wav,data\timit_mixed\SI1965_snr5.wav,data\noise\destroyerops.wav,5.0
data\timit_mixed\SI738_clean.wav,data\timit_mixed\SI738_snr0.wav,data\noise\volvo.wav,0.0
data\timit_mixed\SI1239_clean.wav,data\timit_mixed\SI1239_snr0.wav,data\noise\pink.wav,0.0
data\timit_mixed\SI609_clean.wav,data\timit_mixed\SI609_snr10.wav,data\noise\m109.wav,10.0
data\timit_mixed\SI2177_clean.wav,data\timit_mixed\SI2177_snr5.wav,data\noise\volvo.wav,5.0
data\timit_mixed\SX202_clean.wav,data\timit_mixed\SX202_snr10.wav,data\noise\factory2.wav,10.0
data\timit_mixed\SI682_clean.wav,data\timit_mixed\SI682_snr0.wav,data\noise\buccaneer1.wav,0.0
data\timit_mixed\SI1932_clean.wav,data\timit_mixed\SI1932_snr5.wav,data\noise\machinegun.wav,5.0
data\timit_mixed\SX120_clean.wav,data\timit_mixed\SX120_snr5.wav,data\noise\f16.wav,5.0
data\timit_mixed\SI1458_clean.wav,data\timit_mixed\SI1458_snr0.wav,data\noise\babble.wav,0.0
data\timit_mixed\SI1949_clean.wav,data\timit_mixed\SI1949_snr5.wav,data\noise\f16.wav,5.0
data\timit_mixed\SX310_clean.wav,data\timit_mixed\SX310_snr10.wav,data\noise\volvo.wav,10.0
data\timit_mixed\SX33_clean.wav,data\timit_mixed\SX33_snr-5.wav,data\noise\machinegun.wav,-5.0
data\timit_mixed\SI1863_clean.wav,data\timit_mixed\SI1863_snr5.wav,data\noise\f16.wav,5.0
data\timit_mixed\SX263_clean.wav,data\timit_mixed\SX263_snr5.wav,data\noise\machinegun.wav,5.0
data\timit_mixed\SI832_clean.wav,data\timit_mixed\SI832_snr5.wav,data\noise\destroyerengine.wav,5.0
data\timit_mixed\SI1467_clean.wav,data\timit_mixed\SI1467_snr5.wav,data\noise\f16.wav,5.0
data\timit_mixed\SI509_clean.wav,data\timit_mixed\SI509_snr0.wav,data\noise\white.wav,0.0
data\timit_mixed\SI906_clean.wav,data\timit_mixed\SI906_snr10.wav,data\noise\machinegun.wav,10.0
data\timit_mixed\SI2070_clean.wav,data\timit_mixed\SI2070_snr-5.wav,data\noise\f16.wav,-5.0
data\timit_mixed\SI940_clean.wav,data\timit_mixed\SI940_snr10.wav,data\noise\white.wav,10.0
data\timit_mixed\SI2096_clean.wav,data\timit_mixed\SI2096_snr0.wav,data\noise\destroyerengine.wav,0.0
data\timit_mixed\SX452_clean.wav,data\timit_mixed\SX452_snr10.wav,data\noise\factory1.wav,10.0
data\timit_mixed\SI1389_clean.wav,data\timit_mixed\SI1389_snr0.wav,data\noise\pink.wav,0.0
data\timit_mixed\SI2176_clean.wav,data\timit_mixed\SI2176_snr0.wav,data\noise\pink.wav,0.0
data\timit_mixed\SX147_clean.wav,data\timit_mixed\SX147_snr-5.wav,data\noise\factory2.wav,-5.0
data\timit_mixed\SI2323_clean.wav,data\timit_mixed\SI2323_snr10.wav,data\noise\factory2.wav,10.0
data\timit_mixed\SI1764_clean.wav,data\timit_mixed\SI1764_snr5.wav,data\noise\m109.wav,5.0
data\timit_mixed\SI2224_clean.wav,data\timit_mixed\SI2224_snr5.wav,data\noise\volvo.wav,5.0
data\timit_mixed\SX440_clean.wav,data\timit_mixed\SX440_snr-5.wav,data\noise\leopard.wav,-5.0
data\timit_mixed\SI1697_clean.wav,data\timit_mixed\SI1697_snr10.wav,data\noise\pink.wav,10.0
data\timit_mixed\SI815_clean.wav,data\timit_mixed\SI815_snr-5.wav,data\noise\machinegun.wav,-5.0
data\timit_mixed\SI2198_clean.wav,data\timit_mixed\SI2198_snr0.wav,data\noise\m109.wav,0.0
data\timit_mixed\SI2200_clean.wav,data\timit_mixed\SI2200_snr5.wav,data\noise\pink.wav,5.0
data\timit_mixed\SI1737_clean.wav,data\timit_mixed\SI1737_snr-5.wav,data\noise\hfchannel.wav,-5.0
data\timit_mixed\SI812_clean.wav,data\timit_mixed\SI812_snr-5.wav,data\noise\hfchannel.wav,-5.0
data\timit_mixed\SI1764_clean.wav,data\timit_mixed\SI1764_snr10.wav,data\noise\m109.wav,10.0
data\timit_mixed\SI586_clean.wav,data\timit_mixed\SI586_snr0.wav,data\noise\hfchannel.wav,0.0
data\timit_mixed\SI1111_clean.wav,data\timit_mixed\SI1111_snr-5.wav,data\noise\white.wav,-5.0
data\timit_mixed\SX418_clean.wav,data\timit_mixed\SX418_snr0.wav,data\noise\demo_noise.wav,0.0
data\timit_mixed\SX239_clean.wav,data\timit_mixed\SX239_snr0.wav,data\noise\buccaneer2.wav,0.0
data\timit_mixed\SX83_clean.wav,data\timit_mixed\SX83_snr10.wav,data\noise\leopard.wav,10.0
data\timit_mixed\SX241_clean.wav,data\timit_mixed\SX241_snr10.wav,data\noise\destroyerops.wav,10.0
data\timit_mixed\SI1712_clean.wav,data\timit_mixed\SI1712_snr0.wav,data\noise\machinegun.wav,0.0
data\timit_mixed\SI2272_clean.wav,data\timit_mixed\SI2272_snr5.wav,data\noise\demo_noise.wav,5.0
data\timit_mixed\SI1435_clean.wav,data\timit_mixed\SI1435_snr10.wav,data\noise\buccaneer2.wav,10.0
data\timit_mixed\SI938_clean.wav,data\timit_mixed\SI938_snr10.wav,data\noise\pink.wav,10.0
data\timit_mixed\SI1077_clean.wav,data\timit_mixed\SI1077_snr0.wav,data\noise\machinegun.wav,0.0
data\timit_mixed\SI605_clean.wav,data\timit_mixed\SI605_snr-5.wav,data\noise\factory1.wav,-5.0
data\timit_mixed\SI2220_clean.wav,data\timit_mixed\SI2220_snr-5.wav,data\noise\m109.wav,-5.0
data\timit_mixed\SI1005_clean.wav,data\timit_mixed\SI1005_snr5.wav,data\noise\demo_noise.wav,5.0
data\timit_mixed\SX221_clean.wav,data\timit_mixed\SX221_snr5.wav,data\noise\factory1.wav,5.0
data\timit_mixed\SI1995_clean.wav,data\timit_mixed\SI1995_snr10.wav,data\noise\leopard.wav,10.0
data\timit_mixed\SI1981_clean.wav,data\timit_mixed\SI1981_snr5.wav,data\noise\destroyerengine.wav,5.0
data\timit_mixed\SI1284_clean.wav,data\timit_mixed\SI1284_snr-5.wav,data\noise\buccaneer1.wav,-5.0
data\timit_mixed\SX439_clean.wav,data\timit_mixed\SX439_snr10.wav,data\noise\hfchannel.wav,10.0
data\timit_mixed\SX332_clean.wav,data\timit_mixed\SX332_snr5.wav,data\noise\white.wav,5.0
data\timit_mixed\SI1682_clean.wav,data\timit_mixed\SI1682_snr-5.wav,data\noise\volvo.wav,-5.0
data\timit_mixed\SI1059_clean.wav,data\timit_mixed\SI1059_snr10.wav,data\noise\leopard.wav,10.0
data\timit_mixed\SI1161_clean.wav,data\timit_mixed\SI1161_snr-5.wav,data\noise\factory1.wav,-5.0
data\timit_mixed\SI2069_clean.wav,data\timit_mixed\SI2069_snr0.wav,data\noise\destroyerops.wav,0.0
data\timit_mixed\SI1935_clean.wav,data\timit_mixed\SI1935_snr10.wav,data\noise\pink.wav,10.0
data\timit_mixed\SI1512_clean.wav,data\timit_mixed\SI1512_snr0.wav,data\noise\f16.wav,0.0
data\timit_mixed\SX451_clean.wav,data\timit_mixed\SX451_snr-5.wav,data\noise\f16.wav,-5.0
data\timit_mixed\SI935_clean.wav,data\timit_mixed\SI935_snr10.wav,data\noise\m109.wav,10.0
data\timit_mixed\SI1405_clean.wav,data\timit_mixed\SI1405_snr10.wav,data\noise\f16.wav,10.0
data\timit_mixed\SX327_clean.wav,data\timit_mixed\SX327_snr0.wav,data\noise\hfchannel.wav,0.0
data\timit_mixed\SI1245_clean.wav,data\timit_mixed\SI1245_snr0.wav,data\noise\demo_noise.wav,0.0
data\timit_mixed\SX442_clean.wav,data\timit_mixed\SX442_snr5.wav,data\noise\machinegun.wav,5.0
data\timit_mixed\SX363_clean.wav,data\timit_mixed\SX363_snr-5.wav,data\noise\white.wav,-5.0
data\timit_mixed\SX397_clean.wav,data\timit_mixed\SX397_snr5.wav,data\noise\demo_noise.wav,5.0
data\timit_mixed\SI1299_clean.wav,data\timit_mixed\SI1299_snr5.wav,data\noise\m109.wav,5.0
data\timit_mixed\SI1888_clean.wav,data\timit_mixed\SI1888_snr0.wav,data\noise\white.wav,0.0
data\timit_mixed\SI2291_clean.wav,data\timit_mixed\SI2291_snr5.wav,data\noise\babble.wav,5.0
data\timit_mixed\SI1255_clean.wav,data\timit_mixed\SI1255_snr5.wav,data\noise\pink.wav,5.0
data\timit_mixed\SI1293_clean.wav,data\timit_mixed\SI1293_snr0.wav,data\noise\factory1.wav,0.0
data\timit_mixed\SI1815_clean.wav,data\timit_mixed\SI1815_snr10.wav,data\noise\f16.wav,10.0
data\timit_mixed\SI1702_clean.wav,data\timit_mixed\SI1702_snr5.wav,data\noise\buccaneer2.wav,5.0
data\timit_mixed\SI687_clean.wav,data\timit_mixed\SI687_snr-5.wav,data\noise\destroyerops.wav,-5.0
data\timit_mixed\SI535_clean.wav,data\timit_mixed\SI535_snr5.wav,data\noise\f16.wav,5.0
data\timit_mixed\SI1638_clean.wav,data\timit_mixed\SI1638_snr-5.wav,data\noise\babble.wav,-5.0
data\timit_mixed\SI974_clean.wav,data\timit_mixed\SI974_snr10.wav,data\noise\factory2.wav,10.0
data\timit_mixed\SX242_clean.wav,data\timit_mixed\SX242_snr5.wav,data\noise\f16.wav,5.0
data\timit_mixed\SI2108_clean.wav,data\timit_mixed\SI2108_snr-5.wav,data\noise\m109.wav,-5.0
data\timit_mixed\SI1740_clean.wav,data\timit_mixed\SI1740_snr5.wav,data\noise\m109.wav,5.0
data\timit_mixed\SI2322_clean.wav,data\timit_mixed\SI2322_snr10.wav,data\noise\factory1.wav,10.0
data\timit_mixed\SI1368_clean.wav,data\timit_mixed\SI1368_snr-5.wav,data\noise\babble.wav,-5.0
data\timit_mixed\SI1968_clean.wav,data\timit_mixed\SI1968_snr10.wav,data\noise\factory2.wav,10.0
data\timit_mixed\SI888_clean.wav,data\timit_mixed\SI888_snr10.wav,data\noise\volvo.wav,10.0
data\timit_mixed\SI2032_clean.wav,data\timit_mixed\SI2032_snr-5.wav,data\noise\buccaneer2.wav,-5.0
data\timit_mixed\SI1929_clean.wav,data\timit_mixed\SI1929_snr-5.wav,data\noise\hfchannel.wav,-5.0
data\timit_mixed\SI1636_clean.wav,data\timit_mixed\SI1636_snr0.wav,data\noise\volvo.wav,0.0
data\timit_mixed\SI697_clean.wav,data\timit_mixed\SI697_snr-5.wav,data\noise\volvo.wav,-5.0
data\timit_mixed\SX7_clean.wav,data\timit_mixed\SX7_snr10.wav,data\noise\machinegun.wav,10.0
data\timit_mixed\SX81_clean.wav,data\timit_mixed\SX81_snr-5.wav,data\noise\factory2.wav,-5.0
data\timit_mixed\SI942_clean.wav,data\timit_mixed\SI942_snr-5.wav,data\noise\babble.wav,-5.0
data\timit_mixed\SI1692_clean.wav,data\timit_mixed\SI1692_snr0.wav,data\noise\factory2.wav,0.0
data\timit_mixed\SI1708_clean.wav,data\timit_mixed\SI1708_snr0.wav,data\noise\factory2.wav,0.0
data\timit_mixed\SX243_clean.wav,data\timit_mixed\SX243_snr10.wav,data\noise\factory1.wav,10.0
data\timit_mixed\SI980_clean.wav,data\timit_mixed\SI980_snr10.wav,data\noise\volvo.wav,10.0
data\timit_mixed\SI808_clean.wav,data\timit_mixed\SI808_snr10.wav,data\noise\destroyerops.wav,10.0
data\timit_mixed\SI453_clean.wav,data\timit_mixed\SI453_snr5.wav,data\noise\machinegun.wav,5.0
data\timit_mixed\SI651_clean.wav,data\timit_mixed\SI651_snr0.wav,data\noise\m109.wav,0.0
data\timit_mixed\SI812_clean.wav,data\timit_mixed\SI812_snr5.wav,data\noise\hfchannel.wav,5.0
data\timit_mixed\SI1159_clean.wav,data\timit_mixed\SI1159_snr5.wav,data\noise\destroyerops.wav,5.0
data\timit_mixed\SX117_clean.wav,data\timit_mixed\SX117_snr5.wav,data\noise\destroyerops.wav,5.0
data\timit_mixed\SI1605_clean.wav,data\timit_mixed\SI1605_snr-5.wav,data\noise\hfchannel.wav,-5.0
data\timit_mixed\SX430_clean.wav,data\timit_mixed\SX430_snr10.wav,data\noise\babble.wav,10.0
data\timit_mixed\SI1319_clean.wav,data\timit_mixed\SI1319_snr-5.wav,data\noise\factory2.wav,-5.0
data\timit_mixed\SX168_clean.wav,data\timit_mixed\SX168_snr10.wav,data\noise\white.wav,10.0
data\timit_mixed\SI753_clean.wav,data\timit_mixed\SI753_snr-5.wav,data\noise\factory2.wav,-5.0
data\timit_mixed\SI2007_clean.wav,data\timit_mixed\SI2007_snr5.wav,data\noise\demo_noise.wav,5.0
data\timit_mixed\SI517_clean.wav,data\timit_mixed\SI517_snr-5.wav,data\noise\factory1.wav,-5.0
data\timit_mixed\SI1842_clean.wav,data\timit_mixed\SI1842_snr5.wav,data\noise\factory2.wav,5.0
data\timit_mixed\SI1432_clean.wav,data\timit_mixed\SI1432_snr-5.wav,data\noise\white.wav,-5.0
data\timit_mixed\SX7_clean.wav,data\timit_mixed\SX7_snr5.wav,data\noise\machinegun.wav,5.0
data\timit_mixed\SX260_clean.wav,data\timit_mixed\SX260_snr5.wav,data\noise\hfchannel.wav,5.0
data\timit_mixed\SI1101_clean.wav,data\timit_mixed\SI1101_snr-5.wav,data\noise\hfchannel.wav,-5.0
data\timit_mixed\SI797_clean.wav,data\timit_mixed\SI797_snr-5.wav,data\noise\leopard.wav,-5.0
data\timit_mixed\SI1477_clean.wav,data\timit_mixed\SI1477_snr5.wav,data\noise\machinegun.wav,5.0
data\timit_mixed\SI1154_clean.wav,data\timit_mixed\SI1154_snr0.wav,data\noise\babble.wav,0.0
data\timit_mixed\SI1121_clean.wav,data\timit_mixed\SI1121_snr0.wav,data\noise\factory1.wav,0.0
data\timit_mixed\SI695_clean.wav,data\timit_mixed\SI695_snr-5.wav,data\noise\machinegun.wav,-5.0
data\timit_mixed\SI1879_clean.wav,data\timit_mixed\SI1879_snr5.wav,data\noise\f16.wav,5.0
data\timit_mixed\SI489_clean.wav,data\timit_mixed\SI489_snr-5.wav,data\noise\buccaneer2.wav,-5.0
data\timit_mixed\SI1636_clean.wav,data\timit_mixed\SI1636_snr5.wav,data\noise\volvo.wav,5.0
data\timit_mixed\SX425_clean.wav,data\timit_mixed\SX425_snr0.wav,data\noise\m109.wav,0.0
data\timit_mixed\SI1060_clean.wav,data\timit_mixed\SI1060_snr10.wav,data\noise\m109.wav,10.0
data\timit_mixed\SX148_clean.wav,data\timit_mixed\SX148_snr0.wav,data\noise\hfchannel.wav,0.0
data\timit_mixed\SI2063_clean.wav,data\timit_mixed\SI2063_snr10.wav,data\noise\babble.wav,10.0
data\timit_mixed\SI1887_clean.wav,data\timit_mixed\SI1887_snr-5.wav,data\noise\volvo.wav,-5.0
data\timit_mixed\SI2137_clean.wav,data\timit_mixed\SI2137_snr-5.wav,data\noise\babble.wav,-5.0
data\timit_mixed\SX202_clean.wav,data\timit_mixed\SX202_snr-5.wav,data\noise\factory2.wav,-5.0
data\timit_mixed\SX226_clean.wav,data\timit_mixed\SX226_snr0.wav,data\noise\leopard.wav,0.0
data\timit_mixed\SI955_clean.wav,data\timit_mixed\SI955_snr10.wav,data\noise\f16.wav,10.0
data\timit_mixed\SI540_clean.wav,data\timit_mixed\SI540_snr5.wav,data\noise\m109.wav,5.0
data\timit_mixed\SI2237_clean.wav,data\timit_mixed\SI2237_snr-5.wav,data\noise\m109.wav,-5.0
data\timit_mixed\SI1781_clean.wav,data\timit_mixed\SI1781_snr-5.wav,data\noise\machinegun.wav,-5.0
data\timit_mixed\SI1119_clean.wav,data\timit_mixed\SI1119_snr-5.wav,data\noise\destroyerops.wav,-5.0
data\timit_mixed\SI971_clean.wav,data\timit_mixed\SI971_snr0.wav,data\noise\destroyerops.wav,0.0
data\timit_mixed\SX160_clean.wav,data\timit_mixed\SX160_snr0.wav,data\noise\factory1.wav,0.0
data\timit_mixed\SX334_clean.wav,data\timit_mixed\SX334_snr-5.wav,data\noise\buccaneer1.wav,-5.0
data\timit_mixed\SI735_clean.wav,data\timit_mixed\SI735_snr5.wav,data\noise\m109.wav,5.0
data\timit_mixed\SI1615_clean.wav,data\timit_mixed\SI1615_snr-5.wav,data\noise\buccaneer2.wav,-5.0
data\timit_mixed\SX375_clean.wav,data\timit_mixed\SX375_snr-5.wav,data\noise\demo_noise.wav,-5.0
data\timit_mixed\SX69_clean.wav,data\timit_mixed\SX69_snr10.wav,data\noise\m109.wav,10.0
data\timit_mixed\SX40_clean.wav,data\timit_mixed\SX40_snr5.wav,data\noise\f16.wav,5.0
data\timit_mixed\SX358_clean.wav,data\timit_mixed\SX358_snr10.wav,data\noise\leopard.wav,10.0
data\timit_mixed\SI1404_clean.wav,data\timit_mixed\SI1404_snr5.wav,data\noise\destroyerops.wav,5.0
data\timit_mixed\SI1945_clean.wav,data\timit_mixed\SI1945_snr5.wav,data\noise\demo_noise.wav,5.0
data\timit_mixed\SI1034_clean.wav,data\timit_mixed\SI1034_snr-5.wav,data\noise\f16.wav,-5.0
data\timit_mixed\SI1908_clean.wav,data\timit_mixed\SI1908_snr-5.wav,data\noise\m109.wav,-5.0
data\timit_mixed\SX31_clean.wav,data\timit_mixed\SX31_snr10.wav,data\noise\pink.wav,10.0
data\timit_mixed\SI2048_clean.wav,data\timit_mixed\SI2048_snr5.wav,data\noise\buccaneer1.wav,5.0
data\timit_mixed\SI1796_clean.wav,data\timit_mixed\SI1796_snr10.wav,data\noise\leopard.wav,10.0
data\timit_mixed\SX62_clean.wav,data\timit_mixed\SX62_snr-5.wav,data\noise\destroyerengine.wav,-5.0
data\timit_mixed\SI1762_clean.wav,data\timit_mixed\SI1762_snr10.wav,data\noise\hfchannel.wav,10.0
data\timit_mixed\SI2132_clean.wav,data\timit_mixed\SI2132_snr0.wav,data\noise\m109.wav,0.0
data\timit_mixed\SI1333_clean.wav,data\timit_mixed\SI1333_snr0.wav,data\noise\destroyerops.wav,0.0
data\timit_mixed\SI2147_clean.wav,data\timit_mixed\SI2147_snr5.wav,data\noise\leopard.wav,5.0
data\timit_mixed\SI1471_clean.wav,data\timit_mixed\SI1471_snr5.wav,data\noise\hfchannel.wav,5.0
data\timit_mixed\SI1725_clean.wav,data\timit_mixed\SI1725_snr0.wav,data\noise\buccaneer1.wav,0.0
data\timit_mixed\SI1604_clean.wav,data\timit_mixed\SI1604_snr-5.wav,data\noise\factory2.wav,-5.0
data\timit_mixed\SI1927_clean.wav,data\timit_mixed\SI1927_snr-5.wav,data\noise\factory1.wav,-5.0
data\timit_mixed\SI760_clean.wav,data\timit_mixed\SI760_snr-5.wav,data\noise\pink.wav,-5.0
data\timit_mixed\SI1652_clean.wav,data\timit_mixed\SI1652_snr0.wav,data\noise\factory2.wav,0.0
data\timit_mixed\SI1568_clean.wav,data\timit_mixed\SI1568_snr0.wav,data\noise\pink.wav,0.0
data\timit_mixed\SI1581_clean.wav,data\timit_mixed\SI1581_snr-5.wav,data\noise\destroyerengine.wav,-5.0
data\timit_mixed\SI1419_clean.wav,data\timit_mixed\SI1419_snr-5.wav,data\noise\destroyerengine.wav,-5.0
data\timit_mixed\SI1801_clean.wav,data\timit_mixed\SI1801_snr5.wav,data\noise\white.wav,5.0
data\timit_mixed\SX335_clean.wav,data\timit_mixed\SX335_snr10.wav,data\noise\buccaneer2.wav,10.0
data\timit_mixed\SX431_clean.wav,data\timit_mixed\SX431_snr10.wav,data\noise\buccaneer1.wav,10.0
data\timit_mixed\SI2236_clean.wav,data\timit_mixed\SI2236_snr10.wav,data\noise\leopard.wav,10.0
data\timit_mixed\SI1554_clean.wav,data\timit_mixed\SI1554_snr0.wav,data\noise\demo_noise.wav,0.0
data\timit_mixed\SI2246_clean.wav,data\timit_mixed\SI2246_snr5.wav,data\noise\destroyerengine.wav,5.0
data\timit_mixed\SI2132_clean.wav,data\timit_mixed\SI2132_snr-5.wav,data\noise\m109.wav,-5.0
data\timit_mixed\SI1601_clean.wav,data\timit_mixed\SI1601_snr0.wav,data\noise\destroyerops.wav,0.0
data\timit_mixed\SI1056_clean.wav,data\timit_mixed\SI1056_snr0.wav,data\noise\factory1.wav,0.0
data\timit_mixed\SX87_clean.wav,data\timit_mixed\SX87_snr10.wav,data\noise\volvo.wav,10.0
data\timit_mixed\SI1707_clean.wav,data\timit_mixed\SI1707_snr10.wav,data\noise\factory1.wav,10.0
data\timit_mixed\SX442_clean.wav,data\timit_mixed\SX442_snr0.wav,data\noise\machinegun.wav,0.0
data\timit_mixed\SI1097_clean.wav,data\timit_mixed\SI1097_snr-5.wav,data\noise\factory1.wav,-5.0
data\timit_mixed\SI1344_clean.wav,data\timit_mixed\SI1344_snr10.wav,data\noise\babble.wav,10.0
data\timit_mixed\SX338_clean.wav,data\timit_mixed\SX338_snr10.wav,data\noise\destroyerops.wav,10.0
data\timit_mixed\SI1822_clean.wav,data\timit_mixed\SI1822_snr0.wav,data\noise\m109.wav,0.0
data\timit_mixed\SI877_clean.wav,data\timit_mixed\SI877_snr10.wav,data\noise\demo_noise.wav,10.0
data\timit_mixed\SI1879_clean.wav,data\timit_mixed\SI1879_snr10.wav,data\noise\f16.wav,10.0
data\timit_mixed\SI990_clean.wav,data\timit_mixed\SI990_snr0.wav,data\noise\factory2.wav,0.0
data\timit_mixed\SI1246_clean.wav,data\timit_mixed\SI1246_snr5.wav,data\noise\destroyerengine.wav,5.0
data\timit_mixed\SI1281_clean.wav,data\timit_mixed\SI1281_snr10.wav,data\noise\white.wav,10.0
data\timit_mixed\SX253_clean.wav,data\timit_mixed\SX253_snr10.wav,data\noise\buccaneer1.wav,10.0
data\timit_mixed\SI1156_clean.wav,data\timit_mixed\SI1156_snr-5.wav,data\noise\buccaneer2.wav,-5.0
data\timit_mixed\SI1258_clean.wav,data\timit_mixed\SI1258_snr5.wav,data\noise\babble.wav,5.0
data\timit_mixed\SX152_clean.wav,data\timit_mixed\SX152_snr0.wav,data\noise\volvo.wav,0.0
data\timit_mixed\SI806_clean.wav,data\timit_mixed\SI806_snr5.wav,data\noise\demo_noise.wav,5.0
data\timit_mixed\SX447_clean.wav,data\timit_mixed\SX447_snr5.wav,data\noise\buccaneer1.wav,5.0
data\timit_mixed\SI843_clean.wav,data\timit_mixed\SI843_snr5.wav,data\noise\m109.wav,5.0
data\timit_mixed\SI525_clean.wav,data\timit_mixed\SI525_snr10.wav,data\noise\pink.wav,10.0
data\timit_mixed\SX382_clean.wav,data\timit_mixed\SX382_snr10.wav,data\noise\hfchannel.wav,10.0
data\timit_mixed\SI1259_clean.wav,data\timit_mixed\SI1259_snr10.wav,data\noise\buccaneer1.wav,10.0
data\timit_mixed\SI2155_clean.wav,data\timit_mixed\SI2155_snr0.wav,data\noise\buccaneer1.wav,0.0
data\timit_mixed\SI2216_clean.wav,data\timit_mixed\SI2216_snr5.wav,data\noise\factory1.wav,5.0
data\timit_mixed\SI1872_clean.wav,data\timit_mixed\SI1872_snr0.wav,data\noise\white.wav,0.0
data\timit_mixed\SI1835_clean.wav,data\timit_mixed\SI1835_snr10.wav,data\noise\buccaneer2.wav,10.0
data\timit_mixed\SI679_clean.wav,data\timit_mixed\SI679_snr0.wav,data\noise\white.wav,0.0
data\timit_mixed\SI501_clean.wav,data\timit_mixed\SI501_snr10.wav,data\noise\factory2.wav,10.0
data\timit_mixed\SX89_clean.wav,data\timit_mixed\SX89_snr10.wav,data\noise\babble.wav,10.0
data\timit_mixed\SX64_clean.wav,data\timit_mixed\SX64_snr5.wav,data\noise\f16.wav,5.0
data\timit_mixed\SI2264_clean.wav,data\timit_mixed\SI2264_snr0.wav,data\noise\machinegun.wav,0.0
data\timit_mixed\SI1797_clean.wav,data\timit_mixed\SI1797_snr0.wav,data\noise\m109.wav,0.0
data\timit_mixed\SX128_clean.wav,data\timit_mixed\SX128_snr-5.wav,data\noise\machinegun.wav,-5.0
data\timit_mixed\SI937_clean.wav,data\timit_mixed\SI937_snr5.wav,data\noise\machinegun.wav,5.0
data\timit_mixed\SI1231_clean.wav,data\timit_mixed\SI1231_snr10.wav,data\noise\destroyerops.wav,10.0
data\timit_mixed\SX285_clean.wav,data\timit_mixed\SX285_snr10.wav,data\noise\leopard.wav,10.0
data\timit_mixed\SI2335_clean.wav,data\timit_mixed\SI2335_snr5.wav,data\noise\destroyerengine.wav,5.0
data\timit_mixed\SI1035_clean.wav,data\timit_mixed\SI1035_snr10.wav,data\noise\factory1.wav,10.0
data\timit_mixed\SI789_clean.wav,data\timit_mixed\SI789_snr5.wav,data\noise\buccaneer2.wav,5.0
data\timit_mixed\SI533_clean.wav,data\timit_mixed\SI533_snr10.wav,data\noise\destroyerengine.wav,10.0
data\timit_mixed\SI1585_clean.wav,data\timit_mixed\SI1585_snr0.wav,data\noise\f16.wav,0.0
data\timit_mixed\SX398_clean.wav,data\timit_mixed\SX398_snr5.wav,data\noise\destroyerengine.wav,5.0
data\timit_mixed\SI1983_clean.wav,data\timit_mixed\SI1983_snr0.wav,data\noise\f16.wav,0.0
data\timit_mixed\SI2334_clean.wav,data\timit_mixed\SI2334_snr-5.wav,data\noise\demo_noise.wav,-5.0
data\timit_mixed\SI1607_clean.wav,data\timit_mixed\SI1607_snr0.wav,data\noise\m109.wav,0.0
data\timit_mixed\SI1032_clean.wav,data\timit_mixed\SI1032_snr10.wav,data\noise\destroyerops.wav,10.0
data\timit_mixed\SI2226_clean.wav,data\timit_mixed\SI2226_snr10.wav,data\noise\babble.wav,10.0
data\timit_mixed\SX367_clean.wav,data\timit_mixed\SX367_snr10.wav,data\noise\buccaneer1.wav,10.0
data\timit_mixed\SX79_clean.wav,data\timit_mixed\SX79_snr-5.wav,data\noise\f16.wav,-5.0
data\timit_mixed\SX129_clean.wav,data\timit_mixed\SX129_snr-5.wav,data\noise\pink.wav,-5.0
data\timit_mixed\SI1748_clean.wav,data\timit_mixed\SI1748_snr10.wav,data\noise\buccaneer1.wav,10.0
data\timit_mixed\SI981_clean.wav,data\timit_mixed\SI981_snr0.wav,data\noise\white.wav,0.0
data\timit_mixed\SI872_clean.wav,data\timit_mixed\SI872_snr5.wav,data\noise\volvo.wav,5.0
data\timit_mixed\SX41_clean.wav,data\timit_mixed\SX41_snr5.wav,data\noise\machinegun.wav,5.0
data\timit_mixed\SI1547_clean.wav,data\timit_mixed\SI1547_snr0.wav,data\noise\white.wav,0.0
data\timit_mixed\SI2110_clean.wav,data\timit_mixed\SI2110_snr-5.wav,data\noise\machinegun.wav,-5.0
data\timit_mixed\SI1662_clean.wav,data\timit_mixed\SI1662_snr0.wav,data\noise\babble.wav,0.0
data\timit_mixed\SX164_clean.wav,data\timit_mixed\SX164_snr-5.wav,data\noise\m109.wav,-5.0
data\timit_mixed\SX141_clean.wav,data\timit_mixed\SX141_snr0.wav,data\noise\demo_noise.wav,0.0
data\timit_mixed\SI1395_clean.wav,data\timit_mixed\SI1395_snr10.wav,data\noise\buccaneer1.wav,10.0
data\timit_mixed\SI1126_clean.wav,data\timit_mixed\SI1126_snr5.wav,data\noise\m109.wav,5.0
data\timit_mixed\SX433_clean.wav,data\timit_mixed\SX433_snr10.wav,data\noise\demo_noise.wav,10.0
data\timit_mixed\SI572_clean.wav,data\timit_mixed\SI572_snr0.wav,data\noise\volvo.wav,0.0
data\timit_mixed\SI1097_clean.wav,data\timit_mixed\SI1097_snr10.wav,data\noise\factory1.wav,10.0
data\timit_mixed\SI1598_clean.wav,data\timit_mixed\SI1598_snr10.wav,data\noise\buccaneer2.wav,10.0
data\timit_mixed\SI1118_clean.wav,data\timit_mixed\SI1118_snr10.wav,data\noise\destroyerengine.wav,10.0
data\timit_mixed\SX71_clean.wav,data\timit_mixed\SX71_snr-5.wav,data\noise\volvo.wav,-5.0
data\timit_mixed\SI615_clean.wav,data\timit_mixed\SI615_snr-5.wav,data\noise\buccaneer1.wav,-5.0
data\timit_mixed\SI2045_clean.wav,data\timit_mixed\SI2045_snr0.wav,data\noise\volvo.wav,0.0
data\timit_mixed\SI574_clean.wav,data\timit_mixed\SI574_snr0.wav,data\noise\babble.wav,0.0
data\timit_mixed\SI2338_clean.wav,data\timit_mixed\SI2338_snr0.wav,data\noise\factory1.wav,0.0
data\timit_mixed\SI1345_clean.wav,data\timit_mixed\SI1345_snr-5.wav,data\noise\buccaneer1.wav,-5.0
data\timit_mixed\SI1932_clean.wav,data\timit_mixed\SI1932_snr-5.wav,data\noise\machinegun.wav,-5.0
data\timit_mixed\SI907_clean.wav,data\timit_mixed\SI907_snr5.wav,data\noise\pink.wav,5.0
data\timit_mixed\SI1063_clean.wav,data\timit_mixed\SI1063_snr0.wav,data\noise\volvo.wav,0.0
data\timit_mixed\SX270_clean.wav,data\timit_mixed\SX270_snr5.wav,data\noise\destroyerengine.wav,5.0
data\timit_mixed\SI704_clean.wav,data\timit_mixed\SI704_snr0.wav,data\noise\destroyerops.wav,0.0
data\timit_mixed\SI962_clean.wav,data\timit_mixed\SI962_snr-5.wav,data\noise\pink.wav,-5.0
data\timit_mixed\SI1872_clean.wav,data\timit_mixed\SI1872_snr5.wav,data\noise\white.wav,5.0
data\timit_mixed\SI2225_clean.wav,data\timit_mixed\SI2225_snr0.wav,data\noise\white.wav,0.0
data\timit_mixed\SI468_clean.wav,data\timit_mixed\SI468_snr-5.wav,data\noise\destroyerengine.wav,-5.0
data\timit_mixed\SI1156_clean.wav,data\timit_mixed\SI1156_snr0.wav,data\noise\buccaneer2.wav,0.0
data\timit_mixed\SI1269_clean.wav,data\timit_mixed\SI1269_snr10.wav,data\noise\factory2.wav,10.0
data\timit_mixed\SI1794_clean.wav,data\timit_mixed\SI1794_snr0.wav,data\noise\factory2.wav,0.0
data\timit_mixed\SI488_clean.wav,data\timit_mixed\SI488_snr-5.wav,data\noise\buccaneer1.wav,-5.0
data\timit_mixed\SI1456_clean.wav,data\timit_mixed\SI1456_snr10.wav,data\noise\volvo.wav,10.0
data\timit_mixed\SI1328_clean.wav,data\timit_mixed\SI1328_snr5.wav,data\noise\buccaneer1.wav,5.0
data\timit_mixed\SI975_clean.wav,data\timit_mixed\SI975_snr0.wav,data\noise\hfchannel.wav,0.0
data\timit_mixed\SI629_clean.wav,data\timit_mixed\SI629_snr-5.wav,data\noise\white.wav,-5.0
data\timit_mixed\SI1177_clean.wav,data\timit_mixed\SI1177_snr0.wav,data\noise\destroyerops.wav,0.0
data\timit_mixed\SI1521_clean.wav,data\timit_mixed\SI1521_snr10.wav,data\noise\white.wav,10.0
data\timit_mixed\SI961_clean.wav,data\timit_mixed\SI961_snr0.wav,data\noise\machinegun.wav,0.0
data\timit_mixed\SI591_clean.wav,data\timit_mixed\SI591_snr10.wav,data\noise\machinegun.wav,10.0
data\timit_mixed\SI890_clean.wav,data\timit_mixed\SI890_snr10.wav,data\noise\babble.wav,10.0
data\timit_mixed\SI1281_clean.wav,data\timit_mixed\SI1281_snr0.wav,data\noise\white.wav,0.0
data\timit_mixed\SI2219_clean.wav,data\timit_mixed\SI2219_snr-5.wav,data\noise\leopard.wav,-5.0
data\timit_mixed\SX97_clean.wav,data\timit_mixed\SX97_snr-5.wav,data\noise\f16.wav,-5.0
data\timit_mixed\SI781_clean.wav,data\timit_mixed\SI781_snr0.wav,data\noise\leopard.wav,0.0
data\timit_mixed\SI938_clean.wav,data\timit_mixed\SI938_snr5.wav,data\noise\pink.wav,5.0
data\timit_mixed\SI931_clean.wav,data\timit_mixed\SI931_snr10.wav,data\noise\hfchannel.wav,10.0
data\timit_mixed\SI2101_clean.wav,data\timit_mixed\SI2101_snr0.wav,data\noise\factory1.wav,0.0
data\timit_mixed\SI1784_clean.wav,data\timit_mixed\SI1784_snr5.wav,data\noise\white.wav,5.0
data\timit_mixed\SX24_clean.wav,data\timit_mixed\SX24_snr10.wav,data\noise\demo_noise.wav,10.0
data\timit_mixed\SI1056_clean.wav,data\timit_mixed\SI1056_snr-5.wav,data\noise\factory1.wav,-5.0
data\timit_mixed\SI1596_clean.wav,data\timit_mixed\SI1596_snr10.wav,data\noise\babble.wav,10.0
data\timit_mixed\SI2199_clean.wav,data\timit_mixed\SI2199_snr5.wav,data\noise\machinegun.wav,5.0
data\timit_mixed\SI813_clean.wav,data\timit_mixed\SI813_snr-5.wav,data\noise\leopard.wav,-5.0
data\timit_mixed\SI958_clean.wav,data\timit_mixed\SI958_snr-5.wav,data\noise\hfchannel.wav,-5.0
data\timit_mixed\SI1857_clean.wav,data\timit_mixed\SI1857_snr-5.wav,data\noise\babble.wav,-5.0
data\timit_mixed\SI1097_clean.wav,data\timit_mixed\SI1097_snr5.wav,data\noise\factory1.wav,5.0
data\timit_mixed\SI735_clean.wav,data\timit_mixed\SI735_snr10.wav,data\noise\m109.wav,10.0
data\timit_mixed\SI1058_clean.wav,data\timit_mixed\SI1058_snr10.wav,data\noise\hfchannel.wav,10.0
data\timit_mixed\SI806_clean.wav,data\timit_mixed\SI806_snr0.wav,data\noise\demo_noise.wav,0.0
data\timit_mixed\SI509_clean.wav,data\timit_mixed\SI509_snr-5.wav,data\noise\white.wav,-5.0
data\timit_mixed\SI916_clean.wav,data\timit_mixed\SI916_snr10.wav,data\noise\babble.wav,10.0
data\timit_mixed\SI1709_clean.wav,data\timit_mixed\SI1709_snr0.wav,data\noise\hfchannel.wav,0.0
data\timit_mixed\SI1385_clean.wav,data\timit_mixed\SI1385_snr0.wav,data\noise\leopard.wav,0.0
data\timit_mixed\SI1830_clean.wav,data\timit_mixed\SI1830_snr-5.wav,data\noise\white.wav,-5.0
data\timit_mixed\SI2075_clean.wav,data\timit_mixed\SI2075_snr10.wav,data\noise\leopard.wav,10.0
data\timit_mixed\SI2113_clean.wav,data\timit_mixed\SI2113_snr10.wav,data\noise\white.wav,10.0
data\timit_mixed\SI736_clean.wav,data\timit_mixed\SI736_snr5.wav,data\noise\machinegun.wav,5.0
data\timit_mixed\SX340_clean.wav,data\timit_mixed\SX340_snr10.wav,data\noise\factory1.wav,10.0
data\timit_mixed\SX433_clean.wav,data\timit_mixed\SX433_snr5.wav,data\noise\demo_noise.wav,5.0
data\timit_mixed\SI1948_clean.wav,data\timit_mixed\SI1948_snr-5.wav,data\noise\destroyerops.wav,-5.0
data\timit_mixed\SI1773_clean.wav,data\timit_mixed\SI1773_snr0.wav,data\noise\destroyerengine.wav,0.0
data\timit_mixed\SI1475_clean.wav,data\timit_mixed\SI1475_snr10.wav,data\noise\m109.wav,10.0
data\timit_mixed\SI876_clean.wav,data\timit_mixed\SI876_snr-5.wav,data\noise\buccaneer2.wav,-5.0
data\timit_mixed\SI1965_clean.wav,data\timit_mixed\SI1965_snr10.wav,data\noise\destroyerops.wav,10.0
data\timit_mixed\SI1747_clean.wav,data\timit_mixed\SI1747_snr10.wav,data\noise\babble.wav,10.0
data\timit_mixed\SI2340_clean.wav,data\timit_mixed\SI2340_snr0.wav,data\noise\hfchannel.wav,0.0
data\timit_mixed\SI1441_clean.wav,data\timit_mixed\SI1441_snr-5.wav,data\noise\factory2.wav,-5.0
data\timit_mixed\SI1516_clean.wav,data\timit_mixed\SI1516_snr10.wav,data\noise\leopard.wav,10.0
data\timit_mixed\SI1501_clean.wav,data\timit_mixed\SI1501_snr5.wav,data\noise\machinegun.wav,5.0
data\timit_mixed\SI2069_clean.wav,data\timit_mixed\SI2069_snr10.wav,data\noise\destroyerops.wav,10.0
data\timit_mixed\SI471_clean.wav,data\timit_mixed\SI471_snr10.wav,data\noise\destroyerops.wav,10.0
data\timit_mixed\SI1225_clean.wav,data\timit_mixed\SI1225_snr0.wav,data\noise\babble.wav,0.0
data\timit_mixed\SX159_clean.wav,data\timit_mixed\SX159_snr-5.wav,data\noise\destroyerops.wav,-5.0
data\timit_mixed\SX245_clean.wav,data\timit_mixed\SX245_snr-5.wav,data\noise\hfchannel.wav,-5.0
data\timit_mixed\SX393_clean.wav,data\timit_mixed\SX393_snr5.wav,data\noise\buccaneer1.wav,5.0
data\timit_mixed\SI716_clean.wav,data\timit_mixed\SI716_snr0.wav,data\noise\buccaneer1.wav,0.0
data\timit_mixed\SI1252_clean.wav,data\timit_mixed\SI1252_snr5.wav,data\noise\leopard.wav,5.0
data\timit_mixed\SI1396_clean.wav,data\timit_mixed\SI1396_snr-5.wav,data\noise\buccaneer2.wav,-5.0
data\timit_mixed\SI810_clean.wav,data\timit_mixed\SI810_snr-5.wav,data\noise\factory1.wav,-5.0
data\timit_mixed\SI1110_clean.wav,data\timit_mixed\SI1110_snr-5.wav,data\noise\volvo.wav,-5.0
data\timit_mixed\SI1623_clean.wav,data\timit_mixed\SI1623_snr0.wav,data\noise\leopard.wav,0.0
data\timit_mixed\SX254_clean.wav,data\timit_mixed\SX254_snr0.wav,data\noise\buccaneer2.wav,0.0
data\timit_mixed\SI1216_clean.wav,data\timit_mixed\SI1216_snr5.wav,data\noise\machinegun.wav,5.0
data\timit_mixed\SI1461_clean.wav,data\timit_mixed\SI1461_snr5.wav,data\noise\buccaneer1.wav,5.0
data\timit_mixed\SI2006_clean.wav,data\timit_mixed\SI2006_snr10.wav,data\noise\buccaneer2.wav,10.0
data\timit_mixed\SX359_clean.wav,data\timit_mixed\SX359_snr-5.wav,data\noise\m109.wav,-5.0
data\timit_mixed\SX196_clean.wav,data\timit_mixed\SX196_snr0.wav,data\noise\destroyerengine.wav,0.0
data\timit_mixed\SI1336_clean.wav,data\timit_mixed\SI1336_snr10.wav,data\noise\factory2.wav,10.0
data\timit_mixed\SI873_clean.wav,data\timit_mixed\SI873_snr0.wav,data\noise\white.wav,0.0
data\timit_mixed\SI1996_clean.wav,data\timit_mixed\SI1996_snr10.wav,data\noise\m109.wav,10.0
data\timit_mixed\SX73_clean.wav,data\timit_mixed\SX73_snr5.wav,data\noise\babble.wav,5.0
data\timit_mixed\SX411_clean.wav,data\timit_mixed\SX411_snr-5.wav,data\noise\pink.wav,-5.0
data\timit_mixed\SI2026_clean.wav,data\timit_mixed\SI2026_snr-5.wav,data\noise\babble.wav,-5.0
data\timit_mixed\SX97_clean.wav,data\timit_mixed\SX97_snr0.wav,data\noise\f16.wav,0.0
data\timit_mixed\SI2191_clean.wav,data\timit_mixed\SI2191_snr0.wav,data\noise\f16.wav,0.0
data\timit_mixed\SI2001_clean.wav,data\timit_mixed\SI2001_snr5.wav,data\noise\white.wav,5.0
data\timit_mixed\SI762_clean.wav,data\timit_mixed\SI762_snr-5.wav,data\noise\white.wav,-5.0
data\timit_mixed\SX261_clean.wav,data\timit_mixed\SX261_snr10.wav,data\noise\leopard.wav,10.0
data\timit_mixed\SI1248_clean.wav,data\timit_mixed\SI1248_snr10.wav,data\noise\f16.wav,10.0
data\timit_mixed\SI1726_clean.wav,data\timit_mixed\SI1726_snr0.wav,data\noise\buccaneer2.wav,0.0
data\timit_mixed\SI1337_clean.wav,data\timit_mixed\SI1337_snr0.wav,data\noise\hfchannel.wav,0.0
data\timit_mixed\SI1408_clean.wav,data\timit_mixed\SI1408_snr0.wav,data\noise\hfchannel.wav,0.0
data\timit_mixed\SI2019_clean.wav,data\timit_mixed\SI2019_snr10.wav,data\noise\m109.wav,10.0
data\timit_mixed\SI1141_clean.wav,data\timit_mixed\SI1141_snr-5.wav,data\noise\destroyerops.wav,-5.0
data\timit_mixed\SI1861_clean.wav,data\timit_mixed\SI1861_snr-5.wav,data\noise\destroyerengine.wav,-5.0
data\timit_mixed\SX300_clean.wav,data\timit_mixed\SX300_snr10.wav,data\noise\destroyerops.wav,10.0
data\timit_mixed\SI633_clean.wav,data\timit_mixed\SI633_snr0.wav,data\noise\demo_noise.wav,0.0
data\timit_mixed\SI1927_clean.wav,data\timit_mixed\SI1927_snr0.wav,data\noise\factory1.wav,0.0
data\timit_mixed\SX412_clean.wav,data\timit_mixed\SX412_snr5.wav,data\noise\volvo.wav,5.0
data\timit_mixed\SI700_clean.wav,data\timit_mixed\SI700_snr-5.wav,data\noise\buccaneer1.wav,-5.0
data\timit_mixed\SI512_clean.wav,data\timit_mixed\SI512_snr5.wav,data\noise\buccaneer2.wav,5.0
data\timit_mixed\SI1443_clean.wav,data\timit_mixed\SI1443_snr-5.wav,data\noise\leopard.wav,-5.0
data\timit_mixed\SX344_clean.wav,data\timit_mixed\SX344_snr5.wav,data\noise\m109.wav,5.0
data\timit_mixed\SX340_clean.wav,data\timit_mixed\SX340_snr0.wav,data\noise\factory1.wav,0.0
data\timit_mixed\SI1522_clean.wav,data\timit_mixed\SI1522_snr5.wav,data\noise\babble.wav,5.0
data\timit_mixed\SI1589_clean.wav,data\timit_mixed\SI1589_snr-5.wav,data\noise\hfchannel.wav,-5.0
data\timit_mixed\SX353_clean.wav,data\timit_mixed\SX353_snr0.wav,data\noise\destroyerops.wav,0.0
data\timit_mixed\SX82_clean.wav,data\timit_mixed\SX82_snr5.wav,data\noise\hfchannel.wav,5.0
data\timit_mixed\SX218_clean.wav,data\timit_mixed\SX218_snr5.wav,data\noise\demo_noise.wav,5.0
data\timit_mixed\SI1979_clean.wav,data\timit_mixed\SI1979_snr0.wav,data\noise\buccaneer2.wav,0.0
data\timit_mixed\SX222_clean.wav,data\timit_mixed\SX222_snr-5.wav,data\noise\factory2.wav,-5.0
data\timit_mixed\SI965_clean.wav,data\timit_mixed\SI965_snr-5.wav,data\noise\babble.wav,-5.0
data\timit_mixed\SI1889_clean.wav,data\timit_mixed\SI1889_snr0.wav,data\noise\babble.wav,0.0
data\timit_mixed\SI1760_clean.wav,data\timit_mixed\SI1760_snr-5.wav,data\noise\factory1.wav,-5.0
data\timit_mixed\SX180_clean.wav,data\timit_mixed\SX180_snr10.wav,data\noise\pink.wav,10.0
data\timit_mixed\SI1623_clean.wav,data\timit_mixed\SI1623_snr5.wav,data\noise\leopard.wav,5.0
data\timit_mixed\SI985_clean.wav,data\timit_mixed\SI985_snr5.wav,data\noise\demo_noise.wav,5.0
data\timit_mixed\SI1686_clean.wav,data\timit_mixed\SI1686_snr-5.wav,data\noise\buccaneer2.wav,-5.0
data\timit_mixed\SI636_clean.wav,data\timit_mixed\SI636_snr-5.wav,data\noise\destroyerengine.wav,-5.0
data\timit_mixed\SI1789_clean.wav,data\timit_mixed\SI1789_snr10.wav,data\noise\destroyerengine.wav,10.0
data\timit_mixed\SI2276_clean.wav,data\timit_mixed\SI2276_snr5.wav,data\noise\destroyerops.wav,5.0
data\timit_mixed\SI1242_clean.wav,data\timit_mixed\SI1242_snr-5.wav,data\noise\babble.wav,-5.0
data\timit_mixed\SI885_clean.wav,data\timit_mixed\SI885_snr0.wav,data\noise\m109.wav,0.0
data\timit_mixed\SX73_clean.wav,data\timit_mixed\SX73_snr0.wav,data\noise\babble.wav,0.0
data\timit_mixed\SI865_clean.wav,data\timit_mixed\SI865_snr5.wav,data\noise\factory2.wav,5.0
data\timit_mixed\SI618_clean.wav,data\timit_mixed\SI618_snr0.wav,data\noise\destroyerengine.wav,0.0
data\timit_mixed\SI1216_clean.wav,data\timit_mixed\SI1216_snr-5.wav,data\noise\machinegun.wav,-5.0
data\timit_mixed\SI1874_clean.wav,data\timit_mixed\SI1874_snr10.wav,data\noise\buccaneer1.wav,10.0
data\timit_mixed\SI1974_clean.wav,data\timit_mixed\SI1974_snr10.wav,data\noise\pink.wav,10.0
data\timit_mixed\SI738_clean.wav,data\timit_mixed\SI738_snr-5.wav,data\noise\volvo.wav,-5.0
data\timit_mixed\SI624_clean.wav,data\timit_mixed\SI624_snr10.wav,data\noise\leopard.wav,10.0
data\timit_mixed\SI1779_clean.wav,data\timit_mixed\SI1779_snr-5.wav,data\noise\leopard.wav,-5.0
data\timit_mixed\SI2116_clean.wav,data\timit_mixed\SI2116_snr5.wav,data\noise\buccaneer1.wav,5.0
data\timit_mixed\SI2051_clean.wav,data\timit_mixed\SI2051_snr10.wav,data\noise\destroyerengine.wav,10.0
data\timit_mixed\SI1032_clean.wav,data\timit_mixed\SI1032_snr0.wav,data\noise\destroyerops.wav,0.0
data\timit_mixed\SX52_clean.wav,data\timit_mixed\SX52_snr-5.wav,data\noise\leopard.wav,-5.0
data\timit_mixed\SI1098_clean.wav,data\timit_mixed\SI1098_snr0.wav,data\noise\factory2.wav,0.0
data\timit_mixed\SI2075_clean.wav,data\timit_mixed\SI2075_snr5.wav,data\noise\leopard.wav,5.0
data\timit_mixed\SI1683_clean.wav,data\timit_mixed\SI1683_snr5.wav,data\noise\white.wav,5.0
data\timit_mixed\SI1007_clean.wav,data\timit_mixed\SI1007_snr5.wav,data\noise\destroyerops.wav,5.0
data\timit_mixed\SI2097_clean.wav,data\timit_mixed\SI2097_snr5.wav,data\noise\destroyerops.wav,5.0
data\timit_mixed\SI2156_clean.wav,data\timit_mixed\SI2156_snr5.wav,data\noise\buccaneer2.wav,5.0
data\timit_mixed\SI757_clean.wav,data\timit_mixed\SI757_snr0.wav,data\noise\leopard.wav,0.0
data\timit_mixed\SI1889_clean.wav,data\timit_mixed\SI1889_snr-5.wav,data\noise\babble.wav,-5.0
data\timit_mixed\SI1472_clean.wav,data\timit_mixed\SI1472_snr10.wav,data\noise\leopard.wav,10.0
data\timit_mixed\SI997_clean.wav,data\timit_mixed\SI997_snr5.wav,data\noise\machinegun.wav,5.0
data\timit_mixed\SX359_clean.wav,data\timit_mixed\SX359_snr10.wav,data\noise\m109.wav,10.0
data\timit_mixed\SI1437_clean.wav,data\timit_mixed\SI1437_snr5.wav,data\noise\destroyerengine.wav,5.0
data\timit_mixed\SX327_clean.wav,data\timit_mixed\SX327_snr10.wav,data\noise\hfchannel.wav,10.0
data\timit_mixed\SI1381_clean.wav,data\timit_mixed\SI1381_snr0.wav,data\noise\factory1.wav,0.0
data\timit_mixed\SI951_clean.wav,data\timit_mixed\SI951_snr-5.wav,data\noise\demo_noise.wav,-5.0
data\timit_mixed\SX422_clean.wav,data\timit_mixed\SX422_snr5.wav,data\noise\factory2.wav,5.0
data\timit_mixed\SI685_clean.wav,data\timit_mixed\SI685_snr0.wav,data\noise\demo_noise.wav,0.0
data\timit_mixed\SI1591_clean.wav,data\timit_mixed\SI1591_snr5.wav,data\noise\m109.wav,5.0
data\timit_mixed\SI1095_clean.wav,data\timit_mixed\SI1095_snr10.wav,data\noise\destroyerops.wav,10.0
data\timit_mixed\SX434_clean.wav,data\timit_mixed\SX434_snr5.wav,data\noise\destroyerengine.wav,5.0
data\timit_mixed\SX150_clean.wav,data\timit_mixed\SX150_snr0.wav,data\noise\machinegun.wav,0.0
data\timit_mixed\SI1874_clean.wav,data\timit_mixed\SI1874_snr0.wav,data\noise\buccaneer1.wav,0.0
data\timit_mixed\SI797_clean.wav,data\timit_mixed\SI797_snr5.wav,data\noise\leopard.wav,5.0
data\timit_mixed\SI870_clean.wav,data\timit_mixed\SI870_snr-5.wav,data\noise\machinegun.wav,-5.0
data\timit_mixed\SI1462_clean.wav,data\timit_mixed\SI1462_snr0.wav,data\noise\buccaneer2.wav,0.0
data\timit_mixed\SX322_clean.wav,data\timit_mixed\SX322_snr10.wav,data\noise\destroyerops.wav,10.0
data\timit_mixed\SI906_clean.wav,data\timit_mixed\SI906_snr-5.wav,data\noise\machinegun.wav,-5.0
data\timit_mixed\SI1952_clean.wav,data\timit_mixed\SI1952_snr5.wav,data\noise\hfchannel.wav,5.0
data\timit_mixed\SI521_clean.wav,data\timit_mixed\SI521_snr-5.wav,data\noise\leopard.wav,-5.0
data\timit_mixed\SI535_clean.wav,data\timit_mixed\SI535_snr-5.wav,data\noise\f16.wav,-5.0
data\timit_mixed\SI1061_clean.wav,data\timit_mixed\SI1061_snr0.wav,data\noise\machinegun.wav,0.0
data\timit_mixed\SX202_clean.wav,data\timit_mixed\SX202_snr5.wav,data\noise\factory2.wav,5.0
data\timit_mixed\SI1793_clean.wav,data\timit_mixed\SI1793_snr0.wav,data\noise\factory1.wav,0.0
data\timit_mixed\SI1480_clean.wav,data\timit_mixed\SI1480_snr-5.wav,data\noise\white.wav,-5.0
data\timit_mixed\SI1552_clean.wav,data\timit_mixed\SI1552_snr10.wav,data\noise\buccaneer2.wav,10.0
data\timit_mixed\SI1206_clean.wav,data\timit_mixed\SI1206_snr0.wav,data\noise\destroyerengine.wav,0.0
data\timit_mixed\SX90_clean.wav,data\timit_mixed\SX90_snr-5.wav,data\noise\buccaneer1.wav,-5.0
data\timit_mixed\SI1345_clean.wav,data\timit_mixed\SI1345_snr0.wav,data\noise\buccaneer1.wav,0.0
data\timit_mixed\SI614_clean.wav,data\timit_mixed\SI614_snr-5.wav,data\noise\babble.wav,-5.0
data\timit_mixed\SI1054_clean.wav,data\timit_mixed\SI1054_snr-5.wav,data\noise\destroyerops.wav,-5.0
data\timit_mixed\SX291_clean.wav,data\timit_mixed\SX291_snr-5.wav,data\noise\volvo.wav,-5.0
data\timit_mixed\SI598_clean.wav,data\timit_mixed\SI598_snr10.wav,data\noise\buccaneer1.wav,10.0
data\timit_mixed\SI623_clean.wav,data\timit_mixed\SI623_snr10.wav,data\noise\hfchannel.wav,10.0
data\timit_mixed\SI901_clean.wav,data\timit_mixed\SI901_snr0.wav,data\noise\hfchannel.wav,0.0
data\timit_mixed\SI1526_clean.wav,data\timit_mixed\SI1526_snr-5.wav,data\noise\demo_noise.wav,-5.0
data\timit_mixed\SX144_clean.wav,data\timit_mixed\SX144_snr-5.wav,data\noise\destroyerops.wav,-5.0
data\timit_mixed\SI2122_clean.wav,data\timit_mixed\SI2122_snr5.wav,data\noise\demo_noise.wav,5.0
data\timit_mixed\SX272_clean.wav,data\timit_mixed\SX272_snr0.wav,data\noise\f16.wav,0.0
data\timit_mixed\SI1807_clean.wav,data\timit_mixed\SI1807_snr10.wav,data\noise\destroyerops.wav,10.0
data\timit_mixed\SI772_clean.wav,data\timit_mixed\SI772_snr10.wav,data\noise\demo_noise.wav,10.0
data\timit_mixed\SI2176_clean.wav,data\timit_mixed\SI2176_snr5.wav,data\noise\pink.wav,5.0
data\timit_mixed\SI2167_clean.wav,data\timit_mixed\SI2167_snr0.wav,data\noise\m109.wav,0.0
data\timit_mixed\SX266_clean.wav,data\timit_mixed\SX266_snr-5.wav,data\noise\white.wav,-5.0
data\timit_mixed\SI1267_clean.wav,data\timit_mixed\SI1267_snr0.wav,data\noise\factory1.wav,0.0
data\timit_mixed\SI2241_clean.wav,data\timit_mixed\SI2241_snr-5.wav,data\noise\white.wav,-5.0
data\timit_mixed\SX125_clean.wav,data\timit_mixed\SX125_snr5.wav,data\noise\leopard.wav,5.0
data\timit_mixed\SI1698_clean.wav,data\timit_mixed\SI1698_snr-5.wav,data\noise\volvo.wav,-5.0
data\timit_mixed\SI2143_clean.wav,data\timit_mixed\SI2143_snr0.wav,data\noise\f16.wav,0.0
data\timit_mixed\SI2017_clean.wav,data\timit_mixed\SI2017_snr-5.wav,data\noise\hfchannel.wav,-5.0
data\timit_mixed\SI940_clean.wav,data\timit_mixed\SI940_snr0.wav,data\noise\white.wav,0.0
data\timit_mixed\SX427_clean.wav,data\timit_mixed\SX427_snr0.wav,data\noise\pink.wav,0.0
data\timit_mixed\SX351_clean.wav,data\timit_mixed\SX351_snr5.wav,data\noise\demo_noise.wav,5.0
data\timit_mixed\SI1176_clean.wav,data\timit_mixed\SI1176_snr0.wav,data\noise\destroyerengine.wav,0.0
data\timit_mixed\SX63_clean.wav,data\timit_mixed\SX63_snr-5.wav,data\noise\destroyerops.wav,-5.0
data\timit_mixed\SI582_clean.wav,data\timit_mixed\SI582_snr0.wav,data\noise\factory1.wav,0.0
data\timit_mixed\SI1405_clean.wav,data\timit_mixed\SI1405_snr0.wav,data\noise\f16.wav,0.0
data\timit_mixed\SI667_clean.wav,data\timit_mixed\SI667_snr-5.wav,data\noise\factory1.wav,-5.0
data\timit_mixed\SI1389_clean.wav,data\timit_mixed\SI1389_snr5.wav,data\noise\pink.wav,5.0
data\timit_mixed\SI1170_clean.wav,data\timit_mixed\SI1170_snr10.wav,data\noise\babble.wav,10.0
data\timit_mixed\SI1821_clean.wav,data\timit_mixed\SI1821_snr10.wav,data\noise\leopard.wav,10.0
data\timit_mixed\SI1679_clean.wav,data\timit_mixed\SI1679_snr5.wav,data\noise\m109.wav,5.0
data\timit_mixed\SI1044_clean.wav,data\timit_mixed\SI1044_snr10.wav,data\noise\m109.wav,10.0
data\timit_mixed\SX240_clean.wav,data\timit_mixed\SX240_snr0.wav,data\noise\destroyerengine.wav,0.0
data\timit_mixed\SI2025_clean.wav,data\timit_mixed\SI2025_snr-5.wav,data\noise\white.wav,-5.0
data\timit_mixed\SI1028_clean.wav,data\timit_mixed\SI1028_snr0.wav,data\noise\demo_noise.wav,0.0
data\timit_mixed\SI1612_clean.wav,data\timit_mixed\SI1612_snr-5.wav,data\noise\white.wav,-5.0
data\timit_mixed\SI1737_clean.wav,data\timit_mixed\SI1737_snr5.wav,data\noise\hfchannel.wav,5.0
data\timit_mixed\SX177_clean.wav,data\timit_mixed\SX177_snr0.wav,data\noise\hfchannel.wav,0.0
data\timit_mixed\SX235_clean.wav,data\timit_mixed\SX235_snr0.wav,data\noise\volvo.wav,0.0
data\timit_mixed\SI570_clean.wav,data\timit_mixed\SI570_snr-5.wav,data\noise\machinegun.wav,-5.0
data\timit_mixed\SI1803_clean.wav,data\timit_mixed\SI1803_snr10.wav,data\noise\buccaneer1.wav,10.0
data\timit_mixed\SI799_clean.wav,data\timit_mixed\SI799_snr0.wav,data\noise\machinegun.wav,0.0
data\timit_mixed\SI1053_clean.wav,data\timit_mixed\SI1053_snr10.wav,data\noise\destroyerengine.wav,10.0
data\timit_mixed\SI1575_clean.wav,data\timit_mixed\SI1575_snr-5.wav,data\noise\buccaneer2.wav,-5.0
data\timit_mixed\SI1446_clean.wav,data\timit_mixed\SI1446_snr-5.wav,data\noise\m109.wav,-5.0
data\timit_mixed\SI1305_clean.wav,data\timit_mixed\SI1305_snr10.wav,data\noise\volvo.wav,10.0
data\timit_mixed\SI801_clean.wav,data\timit_mixed\SI801_snr0.wav,data\noise\volvo.wav,0.0
data\timit_mixed\SI1517_clean.wav,data\timit_mixed\SI1517_snr5.wav,data\noise\m109.wav,5.0
data\timit_mixed\SI921_clean.wav,data\timit_mixed\SI921_snr-5.wav,data\noise\demo_noise.wav,-5.0
data\timit_mixed\SI958_clean.wav,data\timit_mixed\SI958_snr10.wav,data\noise\hfchannel.wav,10.0
data\timit_mixed\SI1874_clean.wav,data\timit_mixed\SI1874_snr5.wav,data\noise\buccaneer1.wav,5.0
data\timit_mixed\SI604_clean.wav,data\timit_mixed\SI604_snr5.wav,data\noise\f16.wav,5.0
data\timit_mixed\SI1694_clean.wav,data\timit_mixed\SI1694_snr-5.wav,data\noise\leopard.wav,-5.0
data\timit_mixed\SI535_clean.wav,data\timit_mixed\SI535_snr0.wav,data\noise\f16.wav,0.0
data\timit_mixed\SI1297_clean.wav,data\timit_mixed\SI1297_snr-5.wav,data\noise\hfchannel.wav,-5.0
data\timit_mixed\SI482_clean.wav,data\timit_mixed\SI482_snr0.wav,data\noise\machinegun.wav,0.0
data\timit_mixed\SX444_clean.wav,data\timit_mixed\SX444_snr-5.wav,data\noise\volvo.wav,-5.0
data\timit_mixed\SI1620_clean.wav,data\timit_mixed\SI1620_snr-5.wav,data\noise\factory1.wav,-5.0
data\timit_mixed\SX271_clean.wav,data\timit_mixed\SX271_snr0.wav,data\noise\destroyerops.wav,0.0
data\timit_mixed\SI786_clean.wav,data\timit_mixed\SI786_snr0.wav,data\noise\white.wav,0.0
data\timit_mixed\SI1149_clean.wav,data\timit_mixed\SI1149_snr10.wav,data\noise\m109.wav,10.0
data\timit_mixed\SX164_clean.wav,data\timit_mixed\SX164_snr10.wav,data\noise\m109.wav,10.0
data\timit_mixed\SX16_clean.wav,data\timit_mixed\SX16_snr5.wav,data\noise\f16.wav,5.0
data\timit_mixed\SI852_clean.wav,data\timit_mixed\SI852_snr10.wav,data\noise\buccaneer2.wav,10.0
data\timit_mixed\SI759_clean.wav,data\timit_mixed\SI759_snr0.wav,data\noise\machinegun.wav,0.0
data\timit_mixed\SI2326_clean.wav,data\timit_mixed\SI2326_snr5.wav,data\noise\m109.wav,5.0
data\timit_mixed\SI1835_clean.wav,data\timit_mixed\SI1835_snr0.wav,data\noise\buccaneer2.wav,0.0
data\timit_mixed\SI2075_clean.wav,data\timit_mixed\SI2075_snr0.wav,data\noise\leopard.wav,0.0
data\timit_mixed\SI841_clean.wav,data\timit_mixed\SI841_snr10.wav,data\noise\hfchannel.wav,10.0
data\timit_mixed\SI1059_clean.wav,data\timit_mixed\SI1059_snr-5.wav,data\noise\leopard.wav,-5.0
data\timit_mixed\SI1627_clean.wav,data\timit_mixed\SI1627_snr10.wav,data\noise\machinegun.wav,10.0
data\timit_mixed\SI476_clean.wav,data\timit_mixed\SI476_snr0.wav,data\noise\factory2.wav,0.0
data\timit_mixed\SI1138_clean.wav,data\timit_mixed\SI1138_snr5.wav,data\noise\buccaneer2.wav,5.0
data\timit_mixed\SI2309_clean.wav,data\timit_mixed\SI2309_snr5.wav,data\noise\m109.wav,5.0
data\timit_mixed\SX303_clean.wav,data\timit_mixed\SX303_snr0.wav,data\noise\factory2.wav,0.0
data\timit_mixed\SX439_clean.wav,data\timit_mixed\SX439_snr-5.wav,data\noise\hfchannel.wav,-5.0
data\timit_mixed\SX64_clean.wav,data\timit_mixed\SX64_snr0.wav,data\noise\f16.wav,0.0
data\timit_mixed\SX61_clean.wav,data\timit_mixed\SX61_snr10.wav,data\noise\demo_noise.wav,10.0
data\timit_mixed\SI1696_clean.wav,data\timit_mixed\SI1696_snr10.wav,data\noise\machinegun.wav,10.0
data\timit_mixed\SI976_clean.wav,data\timit_mixed\SI976_snr10.wav,data\noise\leopard.wav,10.0
data\timit_mixed\SI1351_clean.wav,data\timit_mixed\SI1351_snr0.wav,data\noise\factory1.wav,0.0
data\timit_mixed\SI533_clean.wav,data\timit_mixed\SI533_snr5.wav,data\noise\destroyerengine.wav,5.0
data\timit_mixed\SX402_clean.wav,data\timit_mixed\SX402_snr5.wav,data\noise\hfchannel.wav,5.0
data\timit_mixed\SI805_clean.wav,data\timit_mixed\SI805_snr0.wav,data\noise\buccaneer2.wav,0.0
data\timit_mixed\SI868_clean.wav,data\timit_mixed\SI868_snr-5.wav,data\noise\m109.wav,-5.0
data\timit_mixed\SI1732_clean.wav,data\timit_mixed\SI1732_snr5.wav,data\noise\f16.wav,5.0
data\timit_mixed\SI789_clean.wav,data\timit_mixed\SI789_snr-5.wav,data\noise\buccaneer2.wav,-5.0
data\timit_mixed\SI1508_clean.wav,data\timit_mixed\SI1508_snr5.wav,data\noise\buccaneer2.wav,5.0
data\timit_mixed\SI1376_clean.wav,data\timit_mixed\SI1376_snr5.wav,data\noise\destroyerengine.wav,5.0
data\timit_mixed\SI1173_clean.wav,data\timit_mixed\SI1173_snr0.wav,data\noise\demo_noise.wav,0.0
data\timit_mixed\SI1263_clean.wav,data\timit_mixed\SI1263_snr5.wav,data\noise\destroyerops.wav,5.0
data\timit_mixed\SI1807_clean.wav,data\timit_mixed\SI1807_snr0.wav,data\noise\destroyerops.wav,0.0
data\timit_mixed\SI2086_clean.wav,data\timit_mixed\SI2086_snr10.wav,data\noise\volvo.wav,10.0
data\timit_mixed\SI670_clean.wav,data\timit_mixed\SI670_snr10.wav,data\noise\leopard.wav,10.0
data\timit_mixed\SI571_clean.wav,data\timit_mixed\SI571_snr10.wav,data\noise\pink.wav,10.0
data\timit_mixed\SI1478_clean.wav,data\timit_mixed\SI1478_snr0.wav,data\noise\pink.wav,0.0
data\timit_mixed\SI556_clean.wav,data\timit_mixed\SI556_snr-5.wav,data\noise\demo_noise.wav,-5.0
data\timit_mixed\SI547_clean.wav,data\timit_mixed\SI547_snr10.wav,data\noise\babble.wav,10.0
data\timit_mixed\SI471_clean.wav,data\timit_mixed\SI471_snr5.wav,data\noise\destroyerops.wav,5.0
data\timit_mixed\SX322_clean.wav,data\timit_mixed\SX322_snr-5.wav,data\noise\destroyerops.wav,-5.0
data\timit_mixed\SI1441_clean.wav,data\timit_mixed\SI1441_snr10.wav,data\noise\factory2.wav,10.0
data\timit_mixed\SI2086_clean.wav,data\timit_mixed\SI2086_snr-5.wav,data\noise\volvo.wav,-5.0
data\timit_mixed\SI2274_clean.wav,data\timit_mixed\SI2274_snr-5.wav,data\noise\destroyerengine.wav,-5.0
data\timit_mixed\SI747_clean.wav,data\timit_mixed\SI747_snr5.wav,data\noise\demo_noise.wav,5.0
data\timit_mixed\SI1467_clean.wav,data\timit_mixed\SI1467_snr0.wav,data\noise\f16.wav,0.0
data\timit_mixed\SI1075_clean.wav,data\timit_mixed\SI1075_snr5.wav,data\noise\leopard.wav,5.0
data\timit_mixed\SI2240_clean.wav,data\timit_mixed\SI2240_snr0.wav,data\noise\volvo.wav,0.0
data\timit_mixed\SI800_clean.wav,data\timit_mixed\SI800_snr-5.wav,data\noise\pink.wav,-5.0
data\timit_mixed\SI682_clean.wav,data\timit_mixed\SI682_snr10.wav,data\noise\buccaneer1.wav,10.0
data\timit_mixed\SX311_clean.wav,data\timit_mixed\SX311_snr-5.wav,data\noise\white.wav,-5.0
data\timit_mixed\SI1655_clean.wav,data\timit_mixed\SI1655_snr5.wav,data\noise\leopard.wav,5.0
data\timit_mixed\SI935_clean.wav,data\timit_mixed\SI935_snr-5.wav,data\noise\m109.wav,-5.0
data\timit_mixed\SX420_clean.wav,data\timit_mixed\SX420_snr0.wav,data\noise\f16.wav,0.0
data\timit_mixed\SI2066_clean.wav,data\timit_mixed\SI2066_snr10.wav,data\noise\buccaneer2.wav,10.0
data\timit_mixed\SI2032_clean.wav,data\timit_mixed\SI2032_snr5.wav,data\noise\buccaneer2.wav,5.0
data\timit_mixed\SI816_clean.wav,data\timit_mixed\SI816_snr-5.wav,data\noise\pink.wav,-5.0
data\timit_mixed\SI1208_clean.wav,data\timit_mixed\SI1208_snr0.wav,data\noise\f16.wav,0.0
data\timit_mixed\SI1956_clean.wav,data\timit_mixed\SI1956_snr0.wav,data\noise\pink.wav,0.0
data\timit_mixed\SI1235_clean.wav,data\timit_mixed\SI1235_snr5.wav,data\noise\hfchannel.wav,5.0
data\timit_mixed\SI780_clean.wav,data\timit_mixed\SI780_snr-5.wav,data\noise\hfchannel.wav,-5.0
data\timit_mixed\SI2134_clean.wav,data\timit_mixed\SI2134_snr-5.wav,data\noise\pink.wav,-5.0
data\timit_mixed\SI646_clean.wav,data\timit_mixed\SI646_snr5.wav,data\noise\factory1.wav,5.0
data\timit_mixed\SI701_clean.wav,data\timit_mixed\SI701_snr-5.wav,data\noise\buccaneer2.wav,-5.0
data\timit_mixed\SI1803_clean.wav,data\timit_mixed\SI1803_snr0.wav,data\noise\buccaneer1.wav,0.0
data\timit_mixed\SX221_clean.wav,data\timit_mixed\SX221_snr10.wav,data\noise\factory1.wav,10.0
data\timit_mixed\SI2035_clean.wav,data\timit_mixed\SI2035_snr5.wav,data\noise\destroyerengine.wav,5.0
data\timit_mixed\SI2150_clean.wav,data\timit_mixed\SI2150_snr10.wav,data\noise\machinegun.wav,10.0
data\timit_mixed\SI1380_clean.wav,data\timit_mixed\SI1380_snr-5.wav,data\noise\f16.wav,-5.0
data\timit_mixed\SI1290_clean.wav,data\timit_mixed\SI1290_snr10.wav,data\noise\destroyerengine.wav,10.0
data\timit_mixed\SX170_clean.wav,data\timit_mixed\SX170_snr0.wav,data\noise\buccaneer2.wav,0.0
data\timit_mixed\SX211_clean.wav,data\timit_mixed\SX211_snr10.wav,data\noise\volvo.wav,10.0
data\timit_mixed\SI1552_clean.wav,data\timit_mixed\SI1552_snr5.wav,data\noise\buccaneer2.wav,5.0
data\timit_mixed\SI1051_clean.wav,data\timit_mixed\SI1051_snr10.wav,data\noise\buccaneer2.wav,10.0
data\timit_mixed\SI1356_clean.wav,data\timit_mixed\SI1356_snr5.wav,data\noise\leopard.wav,5.0
data\timit_mixed\SX355_clean.wav,data\timit_mixed\SX355_snr5.wav,data\noise\factory1.wav,5.0
data\timit_mixed\SI1154_clean.wav,data\timit_mixed\SI1154_snr5.wav,data\noise\babble.wav,5.0
data\timit_mixed\SI2192_clean.wav,data\timit_mixed\SI2192_snr5.wav,data\noise\factory1.wav,5.0
data\timit_mixed\SI1227_clean.wav,data\timit_mixed\SI1227_snr5.wav,data\noise\buccaneer2.wav,5.0
data\timit_mixed\SX285_clean.wav,data\timit_mixed\SX285_snr0.wav,data\noise\leopard.wav,0.0
data\timit_mixed\SI1551_clean.wav,data\timit_mixed\SI1551_snr0.wav,data\noise\buccaneer1.wav,0.0
data\timit_mixed\SI805_clean.wav,data\timit_mixed\SI805_snr10.wav,data\noise\buccaneer2.wav,10.0
data\timit_mixed\SI2115_clean.wav,data\timit_mixed\SI2115_snr0.wav,data\noise\babble.wav,0.0
data\timit_mixed\SI501_clean.wav,data\timit_mixed\SI501_snr0.wav,data\noise\factory2.wav,0.0
data\timit_mixed\SI997_clean.wav,data\timit_mixed\SI997_snr0.wav,data\noise\machinegun.wav,0.0
data\timit_mixed\SI1878_clean.wav,data\timit_mixed\SI1878_snr5.wav,data\noise\destroyerops.wav,5.0
data\timit_mixed\SX73_clean.wav,data\timit_mixed\SX73_snr10.wav,data\noise\babble.wav,10.0
data\timit_mixed\SI881_clean.wav,data\timit_mixed\SI881_snr0.wav,data\noise\factory1.wav,0.0
data\timit_mixed\SI1877_clean.wav,data\timit_mixed\SI1877_snr5.wav,data\noise\destroyerengine.wav,5.0
data\timit_mixed\SX428_clean.wav,data\timit_mixed\SX428_snr10.wav,data\noise\volvo.wav,10.0
data\timit_mixed\SI1428_clean.wav,data\timit_mixed\SI1428_snr-5.wav,data\noise\m109.wav,-5.0
data\timit_mixed\SI2143_clean.wav,data\timit_mixed\SI2143_snr-5.wav,data\noise\f16.wav,-5.0
data\timit_mixed\SX269_clean.wav,data\timit_mixed\SX269_snr-5.wav,data\noise\buccaneer2.wav,-5.0
data\timit_mixed\SI1983_clean.wav,data\timit_mixed\SI1983_snr10.wav,data\noise\f16.wav,10.0
data\timit_mixed\SX414_clean.wav,data\timit_mixed\SX414_snr0.wav,data\noise\white.wav,0.0
data\timit_mixed\SX446_clean.wav,data\timit_mixed\SX446_snr0.wav,data\noise\babble.wav,0.0
data\timit_mixed\SI1110_clean.wav,data\timit_mixed\SI1110_snr5.wav,data\noise\volvo.wav,5.0
data\timit_mixed\SI2202_clean.wav,data\timit_mixed\SI2202_snr5.wav,data\noise\white.wav,5.0
data\timit_mixed\SX35_clean.wav,data\timit_mixed\SX35_snr10.wav,data\noise\buccaneer1.wav,10.0
data\timit_mixed\SX116_clean.wav,data\timit_mixed\SX116_snr0.wav,data\noise\destroyerengine.wav,0.0
data\timit_mixed\SX334_clean.wav,data\timit_mixed\SX334_snr10.wav,data\noise\buccaneer1.wav,10.0
data\timit_mixed\SI898_clean.wav,data\timit_mixed\SI898_snr-5.wav,data\noise\f16.wav,-5.0
data\timit_mixed\SX168_clean.wav,data\timit_mixed\SX168_snr-5.wav,data\noise\white.wav,-5.0
data\timit_mixed\SX225_clean.wav,data\timit_mixed\SX225_snr-5.wav,data\noise\hfchannel.wav,-5.0
data\timit_mixed\SI2223_clean.wav,data\timit_mixed\SI2223_snr10.wav,data\noise\pink.wav,10.0
data\timit_mixed\SI2207_clean.wav,data\timit_mixed\SI2207_snr0.wav,data\noise\buccaneer2.wav,0.0
data\timit_mixed\SI1665_clean.wav,data\timit_mixed\SI1665_snr0.wav,data\noise\buccaneer1.wav,0.0
data\timit_mixed\SI1083_clean.wav,data\timit_mixed\SI1083_snr5.wav,data\noise\buccaneer2.wav,5.0
data\timit_mixed\SI1827_clean.wav,data\timit_mixed\SI1827_snr10.wav,data\noise\volvo.wav,10.0
data\timit_mixed\SI970_clean.wav,data\timit_mixed\SI970_snr-5.wav,data\noise\destroyerengine.wav,-5.0
data\timit_mixed\SX146_clean.wav,data\timit_mixed\SX146_snr0.wav,data\noise\factory1.wav,0.0
data\timit_mixed\SI684_clean.wav,data\timit_mixed\SI684_snr10.wav,data\noise\buccaneer2.wav,10.0
data\timit_mixed\SX238_clean.wav,data\timit_mixed\SX238_snr-5.wav,data\noise\buccaneer1.wav,-5.0
data\timit_mixed\SI2102_clean.wav,data\timit_mixed\SI2102_snr10.wav,data\noise\factory2.wav,10.0
data\timit_mixed\SX91_clean.wav,data\timit_mixed\SX91_snr5.wav,data\noise\buccaneer2.wav,5.0
data\timit_mixed\SI1351_clean.wav,data\timit_mixed\SI1351_snr-5.wav,data\noise\factory1.wav,-5.0
data\timit_mixed\SX172_clean.wav,data\timit_mixed\SX172_snr0.wav,data\noise\destroyerengine.wav,0.0
data\timit_mixed\SI774_clean.wav,data\timit_mixed\SI774_snr-5.wav,data\noise\destroyerengine.wav,-5.0
data\timit_mixed\SX181_clean.wav,data\timit_mixed\SX181_snr10.wav,data\noise\volvo.wav,10.0
data\timit_mixed\SI1055_clean.wav,data\timit_mixed\SI1055_snr-5.wav,data\noise\f16.wav,-5.0
data\timit_mixed\SI1706_clean.wav,data\timit_mixed\SI1706_snr5.wav,data\noise\f16.wav,5.0
data\timit_mixed\SX435_clean.wav,data\timit_mixed\SX435_snr5.wav,data\noise\destroyerops.wav,5.0
data\timit_mixed\SI2047_clean.wav,data\timit_mixed\SI2047_snr10.wav,data\noise\babble.wav,10.0
data\timit_mixed\SI650_clean.wav,data\timit_mixed\SI650_snr10.wav,data\noise\leopard.wav,10.0
data\timit_mixed\SI1883_clean.wav,data\timit_mixed\SI1883_snr0.wav,data\noise\leopard.wav,0.0
data\timit_mixed\SI1509_clean.wav,data\timit_mixed\SI1509_snr-5.wav,data\noise\demo_noise.wav,-5.0
data\timit_mixed\SI1872_clean.wav,data\timit_mixed\SI1872_snr-5.wav,data\noise\white.wav,-5.0
data\timit_mixed\SI1858_clean.wav,data\timit_mixed\SI1858_snr5.wav,data\noise\buccaneer1.wav,5.0
data\timit_mixed\SI2112_clean.wav,data\timit_mixed\SI2112_snr0.wav,data\noise\volvo.wav,0.0
data\timit_mixed\SI1516_clean.wav,data\timit_mixed\SI1516_snr-5.wav,data\noise\leopard.wav,-5.0
data\timit_mixed\SX154_clean.wav,data\timit_mixed\SX154_snr-5.wav,data\noise\babble.wav,-5.0
data\timit_mixed\SI1412_clean.wav,data\timit_mixed\SI1412_snr0.wav,data\noise\pink.wav,0.0
data\timit_mixed\SI1525_clean.wav,data\timit_mixed\SI1525_snr5.wav,data\noise\buccaneer2.wav,5.0
data\timit_mixed\SI1254_clean.wav,data\timit_mixed\SI1254_snr0.wav,data\noise\machinegun.wav,0.0
data\timit_mixed\SI772_clean.wav,data\timit_mixed\SI772_snr-5.wav,data\noise\demo_noise.wav,-5.0
data\timit_mixed\SI1958_clean.wav,data\timit_mixed\SI1958_snr10.wav,data\noise\white.wav,10.0
data\timit_mixed\SI1497_clean.wav,data\timit_mixed\SI1497_snr10.wav,data\noise\factory2.wav,10.0
data\timit_mixed\SI2339_clean.wav,data\timit_mixed\SI2339_snr0.wav,data\noise\factory2.wav,0.0
data\timit_mixed\SX76_clean.wav,data\timit_mixed\SX76_snr10.wav,data\noise\demo_noise.wav,10.0
data\timit_mixed\SI2100_clean.wav,data\timit_mixed\SI2100_snr0.wav,data\noise\f16.wav,0.0
data\timit_mixed\SI1588_clean.wav,data\timit_mixed\SI1588_snr10.wav,data\noise\factory2.wav,10.0
data\timit_mixed\SI1313_clean.wav,data\timit_mixed\SI1313_snr10.wav,data\noise\buccaneer2.wav,10.0
data\timit_mixed\SI1609_clean.wav,data\timit_mixed\SI1609_snr5.wav,data\noise\pink.wav,5.0
data\timit_mixed\SI1888_clean.wav,data\timit_mixed\SI1888_snr5.wav,data\noise\white.wav,5.0
data\timit_mixed\SI1696_clean.wav,data\timit_mixed\SI1696_snr5.wav,data\noise\machinegun.wav,5.0
data\timit_mixed\SI2068_clean.wav,data\timit_mixed\SI2068_snr0.wav,data\noise\destroyerengine.wav,0.0
data\timit_mixed\SI2070_clean.wav,data\timit_mixed\SI2070_snr0.wav,data\noise\f16.wav,0.0
data\timit_mixed\SX244_clean.wav,data\timit_mixed\SX244_snr5.wav,data\noise\factory2.wav,5.0
data\timit_mixed\SI777_clean.wav,data\timit_mixed\SI777_snr5.wav,data\noise\f16.wav,5.0
data\timit_mixed\SI2060_clean.wav,data\timit_mixed\SI2060_snr10.wav,data\noise\pink.wav,10.0
data\timit_mixed\SI1671_clean.wav,data\timit_mixed\SI1671_snr5.wav,data\noise\destroyerengine.wav,5.0
data\timit_mixed\SI757_clean.wav,data\timit_mixed\SI757_snr10.wav,data\noise\leopard.wav,10.0
data\timit_mixed\SI751_clean.wav,data\timit_mixed\SI751_snr5.wav,data\noise\f16.wav,5.0
data\timit_mixed\SI1225_clean.wav,data\timit_mixed\SI1225_snr-5.wav,data\noise\babble.wav,-5.0
data\timit_mixed\SX277_clean.wav,data\timit_mixed\SX277_snr-5.wav,data\noise\hfchannel.wav,-5.0
data\timit_mixed\SX336_clean.wav,data\timit_mixed\SX336_snr10.wav,data\noise\demo_noise.wav,10.0
data\timit_mixed\SI1291_clean.wav,data\timit_mixed\SI1291_snr0.wav,data\noise\destroyerops.wav,0.0
data\timit_mixed\SI1756_clean.wav,data\timit_mixed\SI1756_snr10.wav,data\noise\f16.wav,10.0
data\timit_mixed\SI603_clean.wav,data\timit_mixed\SI603_snr0.wav,data\noise\destroyerops.wav,0.0
data\timit_mixed\SI1036_clean.wav,data\timit_mixed\SI1036_snr-5.wav,data\noise\factory2.wav,-5.0
data\timit_mixed\SI2319_clean.wav,data\timit_mixed\SI2319_snr-5.wav,data\noise\destroyerengine.wav,-5.0
data\timit_mixed\SI1485_clean.wav,data\timit_mixed\SI1485_snr10.wav,data\noise\buccaneer2.wav,10.0
data\timit_mixed\SX174_clean.wav,data\timit_mixed\SX174_snr10.wav,data\noise\f16.wav,10.0
data\timit_mixed\SI2231_clean.wav,data\timit_mixed\SI2231_snr10.wav,data\noise\destroyerops.wav,10.0
data\timit_mixed\SI793_clean.wav,data\timit_mixed\SI793_snr0.wav,data\noise\f16.wav,0.0
data\timit_mixed\SI2312_clean.wav,data\timit_mixed\SI2312_snr-5.wav,data\noise\volvo.wav,-5.0
data\timit_mixed\SI1661_clean.wav,data\timit_mixed\SI1661_snr0.wav,data\noise\white.wav,0.0
data\timit_mixed\SI807_clean.wav,data\timit_mixed\SI807_snr0.wav,data\noise\destroyerengine.wav,0.0
data\timit_mixed\SX87_clean.wav,data\timit_mixed\SX87_snr5.wav,data\noise\volvo.wav,5.0
data\timit_mixed\SX16_clean.wav,data\timit_mixed\SX16_snr-5.wav,data\noise\f16.wav,-5.0
data\timit_mixed\SI1392_clean.wav,data\timit_mixed\SI1392_snr0.wav,data\noise\white.wav,0.0
data\timit_mixed\SX423_clean.wav,data\timit_mixed\SX423_snr0.wav,data\noise\hfchannel.wav,0.0
data\timit_mixed\SI1518_clean.wav,data\timit_mixed\SI1518_snr-5.wav,data\noise\machinegun.wav,-5.0
data\timit_mixed\SX111_clean.wav,data\timit_mixed\SX111_snr0.wav,data\noise\buccaneer1.wav,0.0
data\timit_mixed\SI1606_clean.wav,data\timit_mixed\SI1606_snr10.wav,data\noise\leopard.wav,10.0
data\timit_mixed\SI2288_clean.wav,data\timit_mixed\SI2288_snr10.wav,data\noise\pink.wav,10.0
data\timit_mixed\SI1516_clean.wav,data\timit_mixed\SI1516_snr5.wav,data\noise\leopard.wav,5.0
data\timit_mixed\SI1777_clean.wav,data\timit_mixed\SI1777_snr10.wav,data\noise\factory2.wav,10.0
data\timit_mixed\SI547_clean.wav,data\timit_mixed\SI547_snr-5.wav,data\noise\babble.wav,-5.0
data\timit_mixed\SX15_clean.wav,data\timit_mixed\SX15_snr5.wav,data\noise\m109.wav,5.0
data\timit_mixed\SI1069_clean.wav,data\timit_mixed\SI1069_snr0.wav,data\noise\destroyerengine.wav,0.0
data\timit_mixed\SX171_clean.wav,data\timit_mixed\SX171_snr5.wav,data\noise\demo_noise.wav,5.0
data\timit_mixed\SX201_clean.wav,data\timit_mixed\SX201_snr10.wav,data\noise\factory1.wav,10.0
data\timit_mixed\SI2044_clean.wav,data\timit_mixed\SI2044_snr0.wav,data\noise\pink.wav,0.0
data\timit_mixed\SI2145_clean.wav,data\timit_mixed\SI2145_snr-5.wav,data\noise\factory2.wav,-5.0
data\timit_mixed\SI1377_clean.wav,data\timit_mixed\SI1377_snr-5.wav,data\noise\destroyerops.wav,-5.0
data\timit_mixed\SI1524_clean.wav,data\timit_mixed\SI1524_snr10.wav,data\noise\buccaneer1.wav,10.0
data\timit_mixed\SI1995_clean.wav,data\timit_mixed\SI1995_snr0.wav,data\noise\leopard.wav,0.0
data\timit_mixed\SI704_clean.wav,data\timit_mixed\SI704_snr5.wav,data\noise\destroyerops.wav,5.0
data\timit_mixed\SI1551_clean.wav,data\timit_mixed\SI1551_snr5.wav,data\noise\buccaneer1.wav,5.0
data\timit_mixed\SI713_clean.wav,data\timit_mixed\SI713_snr5.wav,data\noise\volvo.wav,5.0
data\timit_mixed\SI2292_clean.wav,data\timit_mixed\SI2292_snr0.wav,data\noise\buccaneer1.wav,0.0
data\timit_mixed\SI890_clean.wav,data\timit_mixed\SI890_snr0.wav,data\noise\babble.wav,0.0
data\timit_mixed\SI852_clean.wav,data\timit_mixed\SI852_snr5.wav,data\noise\buccaneer2.wav,5.0
data\timit_mixed\SI1170_clean.wav,data\timit_mixed\SI1170_snr0.wav,data\noise\babble.wav,0.0
data\timit_mixed\SI1478_clean.wav,data\timit_mixed\SI1478_snr10.wav,data\noise\pink.wav,10.0
data\timit_mixed\SI811_clean.wav,data\timit_mixed\SI811_snr10.wav,data\noise\factory2.wav,10.0
data\timit_mixed\SI657_clean.wav,data\timit_mixed\SI657_snr-5.wav,data\noise\babble.wav,-5.0
data\timit_mixed\SI612_clean.wav,data\timit_mixed\SI612_snr10.wav,data\noise\volvo.wav,10.0
data\timit_mixed\SI809_clean.wav,data\timit_mixed\SI809_snr10.wav,data\noise\f16.wav,10.0
data\timit_mixed\SI2130_clean.wav,data\timit_mixed\SI2130_snr0.wav,data\noise\hfchannel.wav,0.0
data\timit_mixed\SI1142_clean.wav,data\timit_mixed\SI1142_snr0.wav,data\noise\f16.wav,0.0
data\timit_mixed\SX79_clean.wav,data\timit_mixed\SX79_snr10.wav,data\noise\f16.wav,10.0
data\timit_mixed\SX451_clean.wav,data\timit_mixed\SX451_snr10.wav,data\noise\f16.wav,10.0
data\timit_mixed\SI1044_clean.wav,data\timit_mixed\SI1044_snr-5.wav,data\noise\m109.wav,-5.0
data\timit_mixed\SI1947_clean.wav,data\timit_mixed\SI1947_snr5.wav,data\noise\destroyerengine.wav,5.0
data\timit_mixed\SI1878_clean.wav,data\timit_mixed\SI1878_snr-5.wav,data\noise\destroyerops.wav,-5.0
data\timit_mixed\SI2065_clean.wav,data\timit_mixed\SI2065_snr-5.wav,data\noise\buccaneer1.wav,-5.0
data\timit_mixed\SX148_clean.wav,data\timit_mixed\SX148_snr-5.wav,data\noise\hfchannel.wav,-5.0
data\timit_mixed\SI1357_clean.wav,data\timit_mixed\SI1357_snr5.wav,data\noise\m109.wav,5.0
data\timit_mixed\SI2036_clean.wav,data\timit_mixed\SI2036_snr5.wav,data\noise\destroyerops.wav,5.0
data\timit_mixed\SI1807_clean.wav,data\timit_mixed\SI1807_snr-5.wav,data\noise\destroyerops.wav,-5.0
data\timit_mixed\SI1774_clean.wav,data\timit_mixed\SI1774_snr5.wav,data\noise\destroyerops.wav,5.0
data\timit_mixed\SI1826_clean.wav,data\timit_mixed\SI1826_snr-5.wav,data\noise\pink.wav,-5.0
data\timit_mixed\SX273_clean.wav,data\timit_mixed\SX273_snr10.wav,data\noise\factory1.wav,10.0
data\timit_mixed\SI657_clean.wav,data\timit_mixed\SI657_snr5.wav,data\noise\babble.wav,5.0
data\timit_mixed\SI1371_clean.wav,data\timit_mixed\SI1371_snr0.wav,data\noise\buccaneer1.wav,0.0
data\timit_mixed\SX345_clean.wav,data\timit_mixed\SX345_snr0.wav,data\noise\machinegun.wav,0.0
data\timit_mixed\SI1622_clean.wav,data\timit_mixed\SI1622_snr5.wav,data\noise\hfchannel.wav,5.0
data\timit_mixed\SI1705_clean.wav,data\timit_mixed\SI1705_snr10.wav,data\noise\destroyerops.wav,10.0
data\timit_mixed\SI1471_clean.wav,data\timit_mixed\SI1471_snr-5.wav,data\noise\hfchannel.wav,-5.0
data\timit_mixed\SI1291_clean.wav,data\timit_mixed\SI1291_snr5.wav,data\noise\destroyerops.wav,5.0
data\timit_mixed\SX6_clean.wav,data\timit_mixed\SX6_snr0.wav,data\noise\buccaneer1.wav,0.0
data\timit_mixed\SI1466_clean.wav,data\timit_mixed\SI1466_snr5.wav,data\noise\destroyerops.wav,5.0
data\timit_mixed\SI1666_clean.wav,data\timit_mixed\SI1666_snr5.wav,data\noise\buccaneer2.wav,5.0
data\timit_mixed\SI1402_clean.wav,data\timit_mixed\SI1402_snr-5.wav,data\noise\destroyerengine.wav,-5.0
data\timit_mixed\SI2302_clean.wav,data\timit_mixed\SI2302_snr10.wav,data\noise\destroyerops.wav,10.0
data\timit_mixed\SI1333_clean.wav,data\timit_mixed\SI1333_snr10.wav,data\noise\destroyerops.wav,10.0
data\timit_mixed\SI2178_clean.wav,data\timit_mixed\SI2178_snr10.wav,data\noise\white.wav,10.0
data\timit_mixed\SI825_clean.wav,data\timit_mixed\SI825_snr0.wav,data\noise\white.wav,0.0
data\timit_mixed\SX422_clean.wav,data\timit_mixed\SX422_snr-5.wav,data\noise\factory2.wav,-5.0
data\timit_mixed\SI598_clean.wav,data\timit_mixed\SI598_snr0.wav,data\noise\buccaneer1.wav,0.0
data\timit_mixed\SI1680_clean.wav,data\timit_mixed\SI1680_snr0.wav,data\noise\machinegun.wav,0.0
data\timit_mixed\SX296_clean.wav,data\timit_mixed\SX296_snr-5.wav,data\noise\buccaneer1.wav,-5.0
data\timit_mixed\SX350_clean.wav,data\timit_mixed\SX350_snr10.wav,data\noise\buccaneer2.wav,10.0
data\timit_mixed\SI845_clean.wav,data\timit_mixed\SI845_snr5.wav,data\noise\machinegun.wav,5.0
data\timit_mixed\SI2046_clean.wav,data\timit_mixed\SI2046_snr0.wav,data\noise\white.wav,0.0
data\timit_mixed\SI945_clean.wav,data\timit_mixed\SI945_snr5.wav,data\noise\buccaneer1.wav,5.0
data\timit_mixed\SI1760_clean.wav,data\timit_mixed\SI1760_snr0.wav,data\noise\factory1.wav,0.0
data\timit_mixed\SI692_clean.wav,data\timit_mixed\SI692_snr0.wav,data\noise\hfchannel.wav,0.0
data\timit_mixed\SI1816_clean.wav,data\timit_mixed\SI1816_snr0.wav,data\noise\factory1.wav,0.0
data\timit_mixed\SI1706_clean.wav,data\timit_mixed\SI1706_snr0.wav,data\noise\f16.wav,0.0
data\timit_mixed\SI1086_clean.wav,data\timit_mixed\SI1086_snr10.wav,data\noise\demo_noise.wav,10.0
data\timit_mixed\SX225_clean.wav,data\timit_mixed\SX225_snr10.wav,data\noise\hfchannel.wav,10.0
data\timit_mixed\SX68_clean.wav,data\timit_mixed\SX68_snr10.wav,data\noise\leopard.wav,10.0
data\timit_mixed\SI884_clean.wav,data\timit_mixed\SI884_snr10.wav,data\noise\leopard.wav,10.0
data\timit_mixed\SI1480_clean.wav,data\timit_mixed\SI1480_snr5.wav,data\noise\white.wav,5.0
data\timit_mixed\SI1206_clean.wav,data\timit_mixed\SI1206_snr10.wav,data\noise\destroyerengine.wav,10.0
data\timit_mixed\SX451_clean.wav,data\timit_mixed\SX451_snr5.wav,data\noise\f16.wav,5.0
data\timit_mixed\SI779_clean.wav,data\timit_mixed\SI779_snr5.wav,data\noise\factory2.wav,5.0
data\timit_mixed\SX71_clean.wav,data\timit_mixed\SX71_snr0.wav,data\noise\volvo.wav,0.0
data\timit_mixed\SI588_clean.wav,data\timit_mixed\SI588_snr10.wav,data\noise\leopard.wav,10.0
data\timit_mixed\SI1153_clean.wav,data\timit_mixed\SI1153_snr0.wav,data\noise\white.wav,0.0
data\timit_mixed\SI698_clean.wav,data\timit_mixed\SI698_snr0.wav,data\noise\white.wav,0.0
data\timit_mixed\SI1698_clean.wav,data\timit_mixed\SI1698_snr5.wav,data\noise\volvo.wav,5.0
data\timit_mixed\SI1998_clean.wav,data\timit_mixed\SI1998_snr10.wav,data\noise\pink.wav,10.0
data\timit_mixed\SI1515_clean.wav,data\timit_mixed\SI1515_snr0.wav,data\noise\hfchannel.wav,0.0
data\timit_mixed\SI1999_clean.wav,data\timit_mixed\SI1999_snr0.wav,data\noise\volvo.wav,0.0
data\timit_mixed\SI1727_clean.wav,data\timit_mixed\SI1727_snr0.wav,data\noise\demo_noise.wav,0.0
data\timit_mixed\SX355_clean.wav,data\timit_mixed\SX355_snr0.wav,data\noise\factory1.wav,0.0
data\timit_mixed\SI1382_clean.wav,data\timit_mixed\SI1382_snr0.wav,data\noise\factory2.wav,0.0
data\timit_mixed\SI2181_clean.wav,data\timit_mixed\SI2181_snr0.wav,data\noise\babble.wav,0.0
data\timit_mixed\SI693_clean.wav,data\timit_mixed\SI693_snr-5.wav,data\noise\leopard.wav,-5.0
data\timit_mixed\SI836_clean.wav,data\timit_mixed\SI836_snr0.wav,data\noise\f16.wav,0.0
data\timit_mixed\SI1350_clean.wav,data\timit_mixed\SI1350_snr0.wav,data\noise\f16.wav,0.0
data\timit_mixed\SX272_clean.wav,data\timit_mixed\SX272_snr-5.wav,data\noise\f16.wav,-5.0
data\timit_mixed\SX156_clean.wav,data\timit_mixed\SX156_snr0.wav,data\noise\buccaneer2.wav,0.0
data\timit_mixed\SI1494_clean.wav,data\timit_mixed\SI1494_snr0.wav,data\noise\f16.wav,0.0
data\timit_mixed\SI2292_clean.wav,data\timit_mixed\SI2292_snr10.wav,data\noise\buccaneer1.wav,10.0
data\timit_mixed\SI1287_clean.wav,data\timit_mixed\SI1287_snr0.wav,data\noise\demo_noise.wav,0.0
data\timit_mixed\SI2043_clean.wav,data\timit_mixed\SI2043_snr-5.wav,data\noise\machinegun.wav,-5.0
data\timit_mixed\SI979_clean.wav,data\timit_mixed\SI979_snr-5.wav,data\noise\pink.wav,-5.0
